go_version,dragonfly_revision,mayfly_revision,cma_es_revision,benchmark,dimensions,budget,base_seed,optimizer,rank,run,seed,best_cost,function_evaluations,iterations,execution_seconds
go1.26.0,a7ed28495fb02c8b04d75e9bf849bf4b0ad04928,3a165fe7ccb3b525bbd3fd8474c5b0d3118f8d73,eafd9b2119b9a7e144a53a4236e0513518efe7c6,Sphere,30,20000,20260827,DA,3,1,20260827,1789.6220696543544,20000,499,0.249505041
go1.26.0,a7ed28495fb02c8b04d75e9bf849bf4b0ad04928,3a165fe7ccb3b525bbd3fd8474c5b0d3118f8d73,eafd9b2119b9a7e144a53a4236e0513518efe7c6,Sphere,30,20000,20260827,DA,3,2,20260828,2378.7844775850826,20000,499,0.255023321
go1.26.0,a7ed28495fb02c8b04d75e9bf849bf4b0ad04928,3a165fe7ccb3b525bbd3fd8474c5b0d3118f8d73,eafd9b2119b9a7e144a53a4236e0513518efe7c6,Sphere,30,20000,20260827,DA,3,3,20260829,2322.208930336492,20000,499,0.256918901
go1.26.0,a7ed28495fb02c8b04d75e9bf849bf4b0ad04928,3a165fe7ccb3b525bbd3fd8474c5b0d3118f8d73,eafd9b2119b9a7e144a53a4236e0513518efe7c6,Sphere,30,20000,20260827,DA,3,4,20260830,1788.9393917624575,20000,499,0.181972997
go1.26.0,a7ed28495fb02c8b04d75e9bf849bf4b0ad04928,3a165fe7ccb3b525bbd3fd8474c5b0d3118f8d73,eafd9b2119b9a7e144a53a4236e0513518efe7c6,Sphere,30,20000,20260827,DA,3,5,20260831,1314.614245136541,20000,499,0.231911091
go1.26.0,a7ed28495fb02c8b04d75e9bf849bf4b0ad04928,3a165fe7ccb3b525bbd3fd8474c5b0d3118f8d73,eafd9b2119b9a7e144a53a4236e0513518efe7c6,Sphere,30,20000,20260827,DA,3,6,20260832,1805.1211881208114,20000,499,0.209147085
go1.26.0,a7ed28495fb02c8b04d75e9bf849bf4b0ad04928,3a165fe7ccb3b525bbd3fd8474c5b0d3118f8d73,eafd9b2119b9a7e144a53a4236e0513518efe7c6,Sphere,30,20000,20260827,DA,3,7,20260833,1439.7556686786459,20000,499,0.23672752
go1.26.0,a7ed28495fb02c8b04d75e9bf849bf4b0ad04928,3a165fe7ccb3b525bbd3fd8474c5b0d3118f8d73,eafd9b2119b9a7e144a53a4236e0513518efe7c6,Sphere,30,20000,20260827,DA,3,8,20260834,2440.2740296856477,20000,499,0.208500698
go1.26.0,a7ed28495fb02c8b04d75e9bf849bf4b0ad04928,3a165fe7ccb3b525bbd3fd8474c5b0d3118f8d73,eafd9b2119b9a7e144a53a4236e0513518efe7c6,Sphere,30,20000,20260827,DA,3,9,20260835,887.5601142642236,20000,499,0.303048991
go1.26.0,a7ed28495fb02c8b04d75e9bf849bf4b0ad04928,3a165fe7ccb3b525bbd3fd8474c5b0d3118f8d73,eafd9b2119b9a7e144a53a4236e0513518efe7c6,Sphere,30,20000,20260827,DA,3,10,20260836,3017.2633793356736,20000,499,0.262430326
go1.26.0,a7ed28495fb02c8b04d75e9bf849bf4b0ad04928,3a165fe7ccb3b525bbd3fd8474c5b0d3118f8d73,eafd9b2119b9a7e144a53a4236e0513518efe7c6,Sphere,30,20000,20260827,DA,3,11,20260837,1112.8635607006568,20000,499,0.250956904
go1.26.0,a7ed28495fb02c8b04d75e9bf849bf4b0ad04928,3a165fe7ccb3b525bbd3fd8474c5b0d3118f8d73,eafd9b2119b9a7e144a53a4236e0513518efe7c6,Sphere,30,20000,20260827,DA,3,12,20260838,1644.9891781219249,20000,499,0.264394002
go1.26.0,a7ed28495fb02c8b04d75e9bf849bf4b0ad04928,3a165fe7ccb3b525bbd3fd8474c5b0d3118f8d73,eafd9b2119b9a7e144a53a4236e0513518efe7c6,Sphere,30,20000,20260827,DA,3,13,20260839,1394.9406459110696,20000,499,0.258624779
go1.26.0,a7ed28495fb02c8b04d75e9bf849bf4b0ad04928,3a165fe7ccb3b525bbd3fd8474c5b0d3118f8d73,eafd9b2119b9a7e144a53a4236e0513518efe7c6,Sphere,30,20000,20260827,DA,3,14,20260840,1655.8423787632798,20000,499,0.267614901
go1.26.0,a7ed28495fb02c8b04d75e9bf849bf4b0ad04928,3a165fe7ccb3b525bbd3fd8474c5b0d3118f8d73,eafd9b2119b9a7e144a53a4236e0513518efe7c6,Sphere,30,20000,20260827,DA,3,15,20260841,1626.1456822258278,20000,499,0.305557504
go1.26.0,a7ed28495fb02c8b04d75e9bf849bf4b0ad04928,3a165fe7ccb3b525bbd3fd8474c5b0d3118f8d73,eafd9b2119b9a7e144a53a4236e0513518efe7c6,Sphere,30,20000,20260827,DA,3,16,20260842,1431.7955466060073,20000,499,0.260291766
go1.26.0,a7ed28495fb02c8b04d75e9bf849bf4b0ad04928,3a165fe7ccb3b525bbd3fd8474c5b0d3118f8d73,eafd9b2119b9a7e144a53a4236e0513518efe7c6,Sphere,30,20000,20260827,DA,3,17,20260843,2224.486320649901,20000,499,0.267488417
go1.26.0,a7ed28495fb02c8b04d75e9bf849bf4b0ad04928,3a165fe7ccb3b525bbd3fd8474c5b0d3118f8d73,eafd9b2119b9a7e144a53a4236e0513518efe7c6,Sphere,30,20000,20260827,DA,3,18,20260844,2210.1684224418577,20000,499,0.266257593
go1.26.0,a7ed28495fb02c8b04d75e9bf849bf4b0ad04928,3a165fe7ccb3b525bbd3fd8474c5b0d3118f8d73,eafd9b2119b9a7e144a53a4236e0513518efe7c6,Sphere,30,20000,20260827,DA,3,19,20260845,1874.3560640820451,20000,499,0.185397898
go1.26.0,a7ed28495fb02c8b04d75e9bf849bf4b0ad04928,3a165fe7ccb3b525bbd3fd8474c5b0d3118f8d73,eafd9b2119b9a7e144a53a4236e0513518efe7c6,Sphere,30,20000,20260827,DA,3,20,20260846,2641.431656443759,20000,499,0.27524136
go1.26.0,a7ed28495fb02c8b04d75e9bf849bf4b0ad04928,3a165fe7ccb3b525bbd3fd8474c5b0d3118f8d73,eafd9b2119b9a7e144a53a4236e0513518efe7c6,Sphere,30,20000,20260827,DA,3,21,20260847,1680.0444897653838,20000,499,0.18837477
go1.26.0,a7ed28495fb02c8b04d75e9bf849bf4b0ad04928,3a165fe7ccb3b525bbd3fd8474c5b0d3118f8d73,eafd9b2119b9a7e144a53a4236e0513518efe7c6,Sphere,30,20000,20260827,DA,3,22,20260848,707.0980270210268,20000,499,0.221510153
go1.26.0,a7ed28495fb02c8b04d75e9bf849bf4b0ad04928,3a165fe7ccb3b525bbd3fd8474c5b0d3118f8d73,eafd9b2119b9a7e144a53a4236e0513518efe7c6,Sphere,30,20000,20260827,DA,3,23,20260849,1447.4411863453638,20000,499,0.238164378
go1.26.0,a7ed28495fb02c8b04d75e9bf849bf4b0ad04928,3a165fe7ccb3b525bbd3fd8474c5b0d3118f8d73,eafd9b2119b9a7e144a53a4236e0513518efe7c6,Sphere,30,20000,20260827,DA,3,24,20260850,1504.6259418101713,20000,499,0.270781255
go1.26.0,a7ed28495fb02c8b04d75e9bf849bf4b0ad04928,3a165fe7ccb3b525bbd3fd8474c5b0d3118f8d73,eafd9b2119b9a7e144a53a4236e0513518efe7c6,Sphere,30,20000,20260827,DA,3,25,20260851,2149.5398877799357,20000,499,0.206673773
go1.26.0,a7ed28495fb02c8b04d75e9bf849bf4b0ad04928,3a165fe7ccb3b525bbd3fd8474c5b0d3118f8d73,eafd9b2119b9a7e144a53a4236e0513518efe7c6,Sphere,30,20000,20260827,DA,3,26,20260852,1513.214423858707,20000,499,0.210174041
go1.26.0,a7ed28495fb02c8b04d75e9bf849bf4b0ad04928,3a165fe7ccb3b525bbd3fd8474c5b0d3118f8d73,eafd9b2119b9a7e144a53a4236e0513518efe7c6,Sphere,30,20000,20260827,DA,3,27,20260853,2441.2530929390073,20000,499,0.296556067
go1.26.0,a7ed28495fb02c8b04d75e9bf849bf4b0ad04928,3a165fe7ccb3b525bbd3fd8474c5b0d3118f8d73,eafd9b2119b9a7e144a53a4236e0513518efe7c6,Sphere,30,20000,20260827,DA,3,28,20260854,1446.1591773028576,20000,499,0.183969212
go1.26.0,a7ed28495fb02c8b04d75e9bf849bf4b0ad04928,3a165fe7ccb3b525bbd3fd8474c5b0d3118f8d73,eafd9b2119b9a7e144a53a4236e0513518efe7c6,Sphere,30,20000,20260827,DA,3,29,20260855,1675.0529441008046,20000,499,0.225154784
go1.26.0,a7ed28495fb02c8b04d75e9bf849bf4b0ad04928,3a165fe7ccb3b525bbd3fd8474c5b0d3118f8d73,eafd9b2119b9a7e144a53a4236e0513518efe7c6,Sphere,30,20000,20260827,DA,3,30,20260856,1993.8549516888431,20000,499,0.181883802
go1.26.0,a7ed28495fb02c8b04d75e9bf849bf4b0ad04928,3a165fe7ccb3b525bbd3fd8474c5b0d3118f8d73,eafd9b2119b9a7e144a53a4236e0513518efe7c6,Sphere,30,20000,20260827,MA,2,1,20260827,6.603595179056233e-06,20000,322,0.034686993
go1.26.0,a7ed28495fb02c8b04d75e9bf849bf4b0ad04928,3a165fe7ccb3b525bbd3fd8474c5b0d3118f8d73,eafd9b2119b9a7e144a53a4236e0513518efe7c6,Sphere,30,20000,20260827,MA,2,2,20260828,0.00026367675762206726,20000,322,0.038273026
go1.26.0,a7ed28495fb02c8b04d75e9bf849bf4b0ad04928,3a165fe7ccb3b525bbd3fd8474c5b0d3118f8d73,eafd9b2119b9a7e144a53a4236e0513518efe7c6,Sphere,30,20000,20260827,MA,2,3,20260829,5.6541764247298766e-05,20000,322,0.036546953
go1.26.0,a7ed28495fb02c8b04d75e9bf849bf4b0ad04928,3a165fe7ccb3b525bbd3fd8474c5b0d3118f8d73,eafd9b2119b9a7e144a53a4236e0513518efe7c6,Sphere,30,20000,20260827,MA,2,4,20260830,0.0011143280153889886,20000,322,0.035729662
go1.26.0,a7ed28495fb02c8b04d75e9bf849bf4b0ad04928,3a165fe7ccb3b525bbd3fd8474c5b0d3118f8d73,eafd9b2119b9a7e144a53a4236e0513518efe7c6,Sphere,30,20000,20260827,MA,2,5,20260831,8.223614498641015e-06,20000,322,0.035343926
go1.26.0,a7ed28495fb02c8b04d75e9bf849bf4b0ad04928,3a165fe7ccb3b525bbd3fd8474c5b0d3118f8d73,eafd9b2119b9a7e144a53a4236e0513518efe7c6,Sphere,30,20000,20260827,MA,2,6,20260832,0.0002539820814863099,20000,322,0.036996104
go1.26.0,a7ed28495fb02c8b04d75e9bf849bf4b0ad04928,3a165fe7ccb3b525bbd3fd8474c5b0d3118f8d73,eafd9b2119b9a7e144a53a4236e0513518efe7c6,Sphere,30,20000,20260827,MA,2,7,20260833,0.00017875368256892247,20000,322,0.03429881
go1.26.0,a7ed28495fb02c8b04d75e9bf849bf4b0ad04928,3a165fe7ccb3b525bbd3fd8474c5b0d3118f8d73,eafd9b2119b9a7e144a53a4236e0513518efe7c6,Sphere,30,20000,20260827,MA,2,8,20260834,7.340366634069329e-05,20000,322,0.029612207
go1.26.0,a7ed28495fb02c8b04d75e9bf849bf4b0ad04928,3a165fe7ccb3b525bbd3fd8474c5b0d3118f8d73,eafd9b2119b9a7e144a53a4236e0513518efe7c6,Sphere,30,20000,20260827,MA,2,9,20260835,2.8993140126990908e-05,20000,322,0.035891345
go1.26.0,a7ed28495fb02c8b04d75e9bf849bf4b0ad04928,3a165fe7ccb3b525bbd3fd8474c5b0d3118f8d73,eafd9b2119b9a7e144a53a4236e0513518efe7c6,Sphere,30,20000,20260827,MA,2,10,20260836,0.00025329487794836987,20000,322,0.033858526
go1.26.0,a7ed28495fb02c8b04d75e9bf849bf4b0ad04928,3a165fe7ccb3b525bbd3fd8474c5b0d3118f8d73,eafd9b2119b9a7e144a53a4236e0513518efe7c6,Sphere,30,20000,20260827,MA,2,11,20260837,9.724660608002839e-05,20000,322,0.013518463
go1.26.0,a7ed28495fb02c8b04d75e9bf849bf4b0ad04928,3a165fe7ccb3b525bbd3fd8474c5b0d3118f8d73,eafd9b2119b9a7e144a53a4236e0513518efe7c6,Sphere,30,20000,20260827,MA,2,12,20260838,0.0003648891531743027,20000,322,0.043794867
go1.26.0,a7ed28495fb02c8b04d75e9bf849bf4b0ad04928,3a165fe7ccb3b525bbd3fd8474c5b0d3118f8d73,eafd9b2119b9a7e144a53a4236e0513518efe7c6,Sphere,30,20000,20260827,MA,2,13,20260839,0.0005931208381226165,20000,322,0.027389068
go1.26.0,a7ed28495fb02c8b04d75e9bf849bf4b0ad04928,3a165fe7ccb3b525bbd3fd8474c5b0d3118f8d73,eafd9b2119b9a7e144a53a4236e0513518efe7c6,Sphere,30,20000,20260827,MA,2,14,20260840,0.00020260430778343323,20000,322,0.027131771
go1.26.0,a7ed28495fb02c8b04d75e9bf849bf4b0ad04928,3a165fe7ccb3b525bbd3fd8474c5b0d3118f8d73,eafd9b2119b9a7e144a53a4236e0513518efe7c6,Sphere,30,20000,20260827,MA,2,15,20260841,8.495563237439727e-05,20000,322,0.036604571
go1.26.0,a7ed28495fb02c8b04d75e9bf849bf4b0ad04928,3a165fe7ccb3b525bbd3fd8474c5b0d3118f8d73,eafd9b2119b9a7e144a53a4236e0513518efe7c6,Sphere,30,20000,20260827,MA,2,16,20260842,7.953131988641986e-05,20000,322,0.036652552
go1.26.0,a7ed28495fb02c8b04d75e9bf849bf4b0ad04928,3a165fe7ccb3b525bbd3fd8474c5b0d3118f8d73,eafd9b2119b9a7e144a53a4236e0513518efe7c6,Sphere,30,20000,20260827,MA,2,17,20260843,0.00040582879883063077,20000,322,0.04155755
go1.26.0,a7ed28495fb02c8b04d75e9bf849bf4b0ad04928,3a165fe7ccb3b525bbd3fd8474c5b0d3118f8d73,eafd9b2119b9a7e144a53a4236e0513518efe7c6,Sphere,30,20000,20260827,MA,2,18,20260844,0.00017605144176346762,20000,322,0.039551341
go1.26.0,a7ed28495fb02c8b04d75e9bf849bf4b0ad04928,3a165fe7ccb3b525bbd3fd8474c5b0d3118f8d73,eafd9b2119b9a7e144a53a4236e0513518efe7c6,Sphere,30,20000,20260827,MA,2,19,20260845,0.0008691661073876132,20000,322,0.023333488
go1.26.0,a7ed28495fb02c8b04d75e9bf849bf4b0ad04928,3a165fe7ccb3b525bbd3fd8474c5b0d3118f8d73,eafd9b2119b9a7e144a53a4236e0513518efe7c6,Sphere,30,20000,20260827,MA,2,20,20260846,2.2424990682560808e-05,20000,322,0.018980939
go1.26.0,a7ed28495fb02c8b04d75e9bf849bf4b0ad04928,3a165fe7ccb3b525bbd3fd8474c5b0d3118f8d73,eafd9b2119b9a7e144a53a4236e0513518efe7c6,Sphere,30,20000,20260827,MA,2,21,20260847,7.926463504088414e-06,20000,322,0.034658845
go1.26.0,a7ed28495fb02c8b04d75e9bf849bf4b0ad04928,3a165fe7ccb3b525bbd3fd8474c5b0d3118f8d73,eafd9b2119b9a7e144a53a4236e0513518efe7c6,Sphere,30,20000,20260827,MA,2,22,20260848,9.836084850492706e-05,20000,322,0.019424924
go1.26.0,a7ed28495fb02c8b04d75e9bf849bf4b0ad04928,3a165fe7ccb3b525bbd3fd8474c5b0d3118f8d73,eafd9b2119b9a7e144a53a4236e0513518efe7c6,Sphere,30,20000,20260827,MA,2,23,20260849,0.00024568222878120416,20000,322,0.048020792
go1.26.0,a7ed28495fb02c8b04d75e9bf849bf4b0ad04928,3a165fe7ccb3b525bbd3fd8474c5b0d3118f8d73,eafd9b2119b9a7e144a53a4236e0513518efe7c6,Sphere,30,20000,20260827,MA,2,24,20260850,7.429418876793304e-05,20000,322,0.041336571
go1.26.0,a7ed28495fb02c8b04d75e9bf849bf4b0ad04928,3a165fe7ccb3b525bbd3fd8474c5b0d3118f8d73,eafd9b2119b9a7e144a53a4236e0513518efe7c6,Sphere,30,20000,20260827,MA,2,25,20260851,1.2591774061675658e-05,20000,322,0.042271823
go1.26.0,a7ed28495fb02c8b04d75e9bf849bf4b0ad04928,3a165fe7ccb3b525bbd3fd8474c5b0d3118f8d73,eafd9b2119b9a7e144a53a4236e0513518efe7c6,Sphere,30,20000,20260827,MA,2,26,20260852,8.800709766898096e-06,20000,322,0.038063987
go1.26.0,a7ed28495fb02c8b04d75e9bf849bf4b0ad04928,3a165fe7ccb3b525bbd3fd8474c5b0d3118f8d73,eafd9b2119b9a7e144a53a4236e0513518efe7c6,Sphere,30,20000,20260827,MA,2,27,20260853,0.00011410556677353992,20000,322,0.046362605
go1.26.0,a7ed28495fb02c8b04d75e9bf849bf4b0ad04928,3a165fe7ccb3b525bbd3fd8474c5b0d3118f8d73,eafd9b2119b9a7e144a53a4236e0513518efe7c6,Sphere,30,20000,20260827,MA,2,28,20260854,9.806085121405252e-06,20000,322,0.018334832
go1.26.0,a7ed28495fb02c8b04d75e9bf849bf4b0ad04928,3a165fe7ccb3b525bbd3fd8474c5b0d3118f8d73,eafd9b2119b9a7e144a53a4236e0513518efe7c6,Sphere,30,20000,20260827,MA,2,29,20260855,7.345024276121733e-05,20000,322,0.029860844
go1.26.0,a7ed28495fb02c8b04d75e9bf849bf4b0ad04928,3a165fe7ccb3b525bbd3fd8474c5b0d3118f8d73,eafd9b2119b9a7e144a53a4236e0513518efe7c6,Sphere,30,20000,20260827,MA,2,30,20260856,1.0559232186804295e-05,20000,322,0.019219938
go1.26.0,a7ed28495fb02c8b04d75e9bf849bf4b0ad04928,3a165fe7ccb3b525bbd3fd8474c5b0d3118f8d73,eafd9b2119b9a7e144a53a4236e0513518efe7c6,Sphere,30,20000,20260827,CMA-ES,1,1,20260827,5.7705783023259435e-28,20000,1429,2.186806282
go1.26.0,a7ed28495fb02c8b04d75e9bf849bf4b0ad04928,3a165fe7ccb3b525bbd3fd8474c5b0d3118f8d73,eafd9b2119b9a7e144a53a4236e0513518efe7c6,Sphere,30,20000,20260827,CMA-ES,1,2,20260828,8.609955573706579e-28,20000,1429,1.7758068740000001
go1.26.0,a7ed28495fb02c8b04d75e9bf849bf4b0ad04928,3a165fe7ccb3b525bbd3fd8474c5b0d3118f8d73,eafd9b2119b9a7e144a53a4236e0513518efe7c6,Sphere,30,20000,20260827,CMA-ES,1,3,20260829,1.2245652377231765e-27,20000,1429,1.917204717
go1.26.0,a7ed28495fb02c8b04d75e9bf849bf4b0ad04928,3a165fe7ccb3b525bbd3fd8474c5b0d3118f8d73,eafd9b2119b9a7e144a53a4236e0513518efe7c6,Sphere,30,20000,20260827,CMA-ES,1,4,20260830,2.4317022225485196e-29,20000,1429,1.742648164
go1.26.0,a7ed28495fb02c8b04d75e9bf849bf4b0ad04928,3a165fe7ccb3b525bbd3fd8474c5b0d3118f8d73,eafd9b2119b9a7e144a53a4236e0513518efe7c6,Sphere,30,20000,20260827,CMA-ES,1,5,20260831,1.4733164706765982e-24,20000,1429,1.795637511
go1.26.0,a7ed28495fb02c8b04d75e9bf849bf4b0ad04928,3a165fe7ccb3b525bbd3fd8474c5b0d3118f8d73,eafd9b2119b9a7e144a53a4236e0513518efe7c6,Sphere,30,20000,20260827,CMA-ES,1,6,20260832,1.4837063620909493e-26,20000,1429,2.068430278
go1.26.0,a7ed28495fb02c8b04d75e9bf849bf4b0ad04928,3a165fe7ccb3b525bbd3fd8474c5b0d3118f8d73,eafd9b2119b9a7e144a53a4236e0513518efe7c6,Sphere,30,20000,20260827,CMA-ES,1,7,20260833,3.1172737635201164e-28,20000,1429,1.9790940780000001
go1.26.0,a7ed28495fb02c8b04d75e9bf849bf4b0ad04928,3a165fe7ccb3b525bbd3fd8474c5b0d3118f8d73,eafd9b2119b9a7e144a53a4236e0513518efe7c6,Sphere,30,20000,20260827,CMA-ES,1,8,20260834,3.0731083230209205e-29,20000,1429,1.743330236
go1.26.0,a7ed28495fb02c8b04d75e9bf849bf4b0ad04928,3a165fe7ccb3b525bbd3fd8474c5b0d3118f8d73,eafd9b2119b9a7e144a53a4236e0513518efe7c6,Sphere,30,20000,20260827,CMA-ES,1,9,20260835,2.3343877494784875e-27,20000,1429,1.704229027
go1.26.0,a7ed28495fb02c8b04d75e9bf849bf4b0ad04928,3a165fe7ccb3b525bbd3fd8474c5b0d3118f8d73,eafd9b2119b9a7e144a53a4236e0513518efe7c6,Sphere,30,20000,20260827,CMA-ES,1,10,20260836,2.461576553364424e-27,20000,1429,1.791620758
go1.26.0,a7ed28495fb02c8b04d75e9bf849bf4b0ad04928,3a165fe7ccb3b525bbd3fd8474c5b0d3118f8d73,eafd9b2119b9a7e144a53a4236e0513518efe7c6,Sphere,30,20000,20260827,CMA-ES,1,11,20260837,9.953287199987502e-27,20000,1429,1.737594887
go1.26.0,a7ed28495fb02c8b04d75e9bf849bf4b0ad04928,3a165fe7ccb3b525bbd3fd8474c5b0d3118f8d73,eafd9b2119b9a7e144a53a4236e0513518efe7c6,Sphere,30,20000,20260827,CMA-ES,1,12,20260838,1.136605026136529e-25,20000,1429,1.816710839
go1.26.0,a7ed28495fb02c8b04d75e9bf849bf4b0ad04928,3a165fe7ccb3b525bbd3fd8474c5b0d3118f8d73,eafd9b2119b9a7e144a53a4236e0513518efe7c6,Sphere,30,20000,20260827,CMA-ES,1,13,20260839,6.144670402624538e-29,20000,1429,1.843987043
go1.26.0,a7ed28495fb02c8b04d75e9bf849bf4b0ad04928,3a165fe7ccb3b525bbd3fd8474c5b0d3118f8d73,eafd9b2119b9a7e144a53a4236e0513518efe7c6,Sphere,30,20000,20260827,CMA-ES,1,14,20260840,3.766798616166018e-30,20000,1429,1.8931910969999999
go1.26.0,a7ed28495fb02c8b04d75e9bf849bf4b0ad04928,3a165fe7ccb3b525bbd3fd8474c5b0d3118f8d73,eafd9b2119b9a7e144a53a4236e0513518efe7c6,Sphere,30,20000,20260827,CMA-ES,1,15,20260841,2.809703001368362e-29,20000,1429,1.822430823
go1.26.0,a7ed28495fb02c8b04d75e9bf849bf4b0ad04928,3a165fe7ccb3b525bbd3fd8474c5b0d3118f8d73,eafd9b2119b9a7e144a53a4236e0513518efe7c6,Sphere,30,20000,20260827,CMA-ES,1,16,20260842,1.4297320111918913e-28,20000,1429,1.804279675
go1.26.0,a7ed28495fb02c8b04d75e9bf849bf4b0ad04928,3a165fe7ccb3b525bbd3fd8474c5b0d3118f8d73,eafd9b2119b9a7e144a53a4236e0513518efe7c6,Sphere,30,20000,20260827,CMA-ES,1,17,20260843,1.7318167081410538e-28,20000,1429,1.8009710540000001
go1.26.0,a7ed28495fb02c8b04d75e9bf849bf4b0ad04928,3a165fe7ccb3b525bbd3fd8474c5b0d3118f8d73,eafd9b2119b9a7e144a53a4236e0513518efe7c6,Sphere,30,20000,20260827,CMA-ES,1,18,20260844,4.555562803302375e-26,20000,1429,1.6883284650000001
go1.26.0,a7ed28495fb02c8b04d75e9bf849bf4b0ad04928,3a165fe7ccb3b525bbd3fd8474c5b0d3118f8d73,eafd9b2119b9a7e144a53a4236e0513518efe7c6,Sphere,30,20000,20260827,CMA-ES,1,19,20260845,2.0212808721076024e-26,20000,1429,1.829654992
go1.26.0,a7ed28495fb02c8b04d75e9bf849bf4b0ad04928,3a165fe7ccb3b525bbd3fd8474c5b0d3118f8d73,eafd9b2119b9a7e144a53a4236e0513518efe7c6,Sphere,30,20000,20260827,CMA-ES,1,20,20260846,4.1866803458795754e-30,20000,1429,1.731468284
go1.26.0,a7ed28495fb02c8b04d75e9bf849bf4b0ad04928,3a165fe7ccb3b525bbd3fd8474c5b0d3118f8d73,eafd9b2119b9a7e144a53a4236e0513518efe7c6,Sphere,30,20000,20260827,CMA-ES,1,21,20260847,2.264660674680544e-44,20000,1429,1.776300303
go1.26.0,a7ed28495fb02c8b04d75e9bf849bf4b0ad04928,3a165fe7ccb3b525bbd3fd8474c5b0d3118f8d73,eafd9b2119b9a7e144a53a4236e0513518efe7c6,Sphere,30,20000,20260827,CMA-ES,1,22,20260848,1.5700854894951543e-28,20000,1429,1.913665397
go1.26.0,a7ed28495fb02c8b04d75e9bf849bf4b0ad04928,3a165fe7ccb3b525bbd3fd8474c5b0d3118f8d73,eafd9b2119b9a7e144a53a4236e0513518efe7c6,Sphere,30,20000,20260827,CMA-ES,1,23,20260849,7.209469869162962e-29,20000,1429,1.834691851
go1.26.0,a7ed28495fb02c8b04d75e9bf849bf4b0ad04928,3a165fe7ccb3b525bbd3fd8474c5b0d3118f8d73,eafd9b2119b9a7e144a53a4236e0513518efe7c6,Sphere,30,20000,20260827,CMA-ES,1,24,20260850,1.151665221817999e-29,20000,1429,1.916808702
go1.26.0,a7ed28495fb02c8b04d75e9bf849bf4b0ad04928,3a165fe7ccb3b525bbd3fd8474c5b0d3118f8d73,eafd9b2119b9a7e144a53a4236e0513518efe7c6,Sphere,30,20000,20260827,CMA-ES,1,25,20260851,4.8448048240060637e-29,20000,1429,1.949141321
go1.26.0,a7ed28495fb02c8b04d75e9bf849bf4b0ad04928,3a165fe7ccb3b525bbd3fd8474c5b0d3118f8d73,eafd9b2119b9a7e144a53a4236e0513518efe7c6,Sphere,30,20000,20260827,CMA-ES,1,26,20260852,8.165905388577557e-27,20000,1429,1.820344715
go1.26.0,a7ed28495fb02c8b04d75e9bf849bf4b0ad04928,3a165fe7ccb3b525bbd3fd8474c5b0d3118f8d73,eafd9b2119b9a7e144a53a4236e0513518efe7c6,Sphere,30,20000,20260827,CMA-ES,1,27,20260853,1.13462848143612e-27,20000,1429,1.813767002
go1.26.0,a7ed28495fb02c8b04d75e9bf849bf4b0ad04928,3a165fe7ccb3b525bbd3fd8474c5b0d3118f8d73,eafd9b2119b9a7e144a53a4236e0513518efe7c6,Sphere,30,20000,20260827,CMA-ES,1,28,20260854,1.5222789688459066e-28,20000,1429,1.918641493
go1.26.0,a7ed28495fb02c8b04d75e9bf849bf4b0ad04928,3a165fe7ccb3b525bbd3fd8474c5b0d3118f8d73,eafd9b2119b9a7e144a53a4236e0513518efe7c6,Sphere,30,20000,20260827,CMA-ES,1,29,20260855,3.9052030380205508e-28,20000,1429,2.06151474
go1.26.0,a7ed28495fb02c8b04d75e9bf849bf4b0ad04928,3a165fe7ccb3b525bbd3fd8474c5b0d3118f8d73,eafd9b2119b9a7e144a53a4236e0513518efe7c6,Sphere,30,20000,20260827,CMA-ES,1,30,20260856,7.891300795736756e-30,20000,1429,1.565280896
go1.26.0,a7ed28495fb02c8b04d75e9bf849bf4b0ad04928,3a165fe7ccb3b525bbd3fd8474c5b0d3118f8d73,eafd9b2119b9a7e144a53a4236e0513518efe7c6,Rosenbrock,30,20000,20260827,DA,3,1,20260827,4342.151654221042,20000,499,0.269549313
go1.26.0,a7ed28495fb02c8b04d75e9bf849bf4b0ad04928,3a165fe7ccb3b525bbd3fd8474c5b0d3118f8d73,eafd9b2119b9a7e144a53a4236e0513518efe7c6,Rosenbrock,30,20000,20260827,DA,3,2,20260828,11829.079030911953,20000,499,0.229040928
go1.26.0,a7ed28495fb02c8b04d75e9bf849bf4b0ad04928,3a165fe7ccb3b525bbd3fd8474c5b0d3118f8d73,eafd9b2119b9a7e144a53a4236e0513518efe7c6,Rosenbrock,30,20000,20260827,DA,3,3,20260829,5601.1832796084645,20000,499,0.202597938
go1.26.0,a7ed28495fb02c8b04d75e9bf849bf4b0ad04928,3a165fe7ccb3b525bbd3fd8474c5b0d3118f8d73,eafd9b2119b9a7e144a53a4236e0513518efe7c6,Rosenbrock,30,20000,20260827,DA,3,4,20260830,4398.569805386045,20000,499,0.193251692
go1.26.0,a7ed28495fb02c8b04d75e9bf849bf4b0ad04928,3a165fe7ccb3b525bbd3fd8474c5b0d3118f8d73,eafd9b2119b9a7e144a53a4236e0513518efe7c6,Rosenbrock,30,20000,20260827,DA,3,5,20260831,9267.463988790694,20000,499,0.208219724
go1.26.0,a7ed28495fb02c8b04d75e9bf849bf4b0ad04928,3a165fe7ccb3b525bbd3fd8474c5b0d3118f8d73,eafd9b2119b9a7e144a53a4236e0513518efe7c6,Rosenbrock,30,20000,20260827,DA,3,6,20260832,15936.457875490141,20000,499,0.267181881
go1.26.0,a7ed28495fb02c8b04d75e9bf849bf4b0ad04928,3a165fe7ccb3b525bbd3fd8474c5b0d3118f8d73,eafd9b2119b9a7e144a53a4236e0513518efe7c6,Rosenbrock,30,20000,20260827,DA,3,7,20260833,3405.9477259855,20000,499,0.249584162
go1.26.0,a7ed28495fb02c8b04d75e9bf849bf4b0ad04928,3a165fe7ccb3b525bbd3fd8474c5b0d3118f8d73,eafd9b2119b9a7e144a53a4236e0513518efe7c6,Rosenbrock,30,20000,20260827,DA,3,8,20260834,7287.280012557618,20000,499,0.228817783
go1.26.0,a7ed28495fb02c8b04d75e9bf849bf4b0ad04928,3a165fe7ccb3b525bbd3fd8474c5b0d3118f8d73,eafd9b2119b9a7e144a53a4236e0513518efe7c6,Rosenbrock,30,20000,20260827,DA,3,9,20260835,7134.852045039215,20000,499,0.235599364
go1.26.0,a7ed28495fb02c8b04d75e9bf849bf4b0ad04928,3a165fe7ccb3b525bbd3fd8474c5b0d3118f8d73,eafd9b2119b9a7e144a53a4236e0513518efe7c6,Rosenbrock,30,20000,20260827,DA,3,10,20260836,6862.359485247671,20000,499,0.20660023
go1.26.0,a7ed28495fb02c8b04d75e9bf849bf4b0ad04928,3a165fe7ccb3b525bbd3fd8474c5b0d3118f8d73,eafd9b2119b9a7e144a53a4236e0513518efe7c6,Rosenbrock,30,20000,20260827,DA,3,11,20260837,21318.768415660907,20000,499,0.252128293
go1.26.0,a7ed28495fb02c8b04d75e9bf849bf4b0ad04928,3a165fe7ccb3b525bbd3fd8474c5b0d3118f8d73,eafd9b2119b9a7e144a53a4236e0513518efe7c6,Rosenbrock,30,20000,20260827,DA,3,12,20260838,4145.940294547856,20000,499,0.205140254
go1.26.0,a7ed28495fb02c8b04d75e9bf849bf4b0ad04928,3a165fe7ccb3b525bbd3fd8474c5b0d3118f8d73,eafd9b2119b9a7e144a53a4236e0513518efe7c6,Rosenbrock,30,20000,20260827,DA,3,13,20260839,11276.853784367162,20000,499,0.167486169
go1.26.0,a7ed28495fb02c8b04d75e9bf849bf4b0ad04928,3a165fe7ccb3b525bbd3fd8474c5b0d3118f8d73,eafd9b2119b9a7e144a53a4236e0513518efe7c6,Rosenbrock,30,20000,20260827,DA,3,14,20260840,4182.698893258224,20000,499,0.198309295
go1.26.0,a7ed28495fb02c8b04d75e9bf849bf4b0ad04928,3a165fe7ccb3b525bbd3fd8474c5b0d3118f8d73,eafd9b2119b9a7e144a53a4236e0513518efe7c6,Rosenbrock,30,20000,20260827,DA,3,15,20260841,3899.2166286934107,20000,499,0.284671067
go1.26.0,a7ed28495fb02c8b04d75e9bf849bf4b0ad04928,3a165fe7ccb3b525bbd3fd8474c5b0d3118f8d73,eafd9b2119b9a7e144a53a4236e0513518efe7c6,Rosenbrock,30,20000,20260827,DA,3,16,20260842,2039.703351835681,20000,499,0.218098584
go1.26.0,a7ed28495fb02c8b04d75e9bf849bf4b0ad04928,3a165fe7ccb3b525bbd3fd8474c5b0d3118f8d73,eafd9b2119b9a7e144a53a4236e0513518efe7c6,Rosenbrock,30,20000,20260827,DA,3,17,20260843,7738.566796719683,20000,499,0.203626709
go1.26.0,a7ed28495fb02c8b04d75e9bf849bf4b0ad04928,3a165fe7ccb3b525bbd3fd8474c5b0d3118f8d73,eafd9b2119b9a7e144a53a4236e0513518efe7c6,Rosenbrock,30,20000,20260827,DA,3,18,20260844,5982.415681323353,20000,499,0.189568229
go1.26.0,a7ed28495fb02c8b04d75e9bf849bf4b0ad04928,3a165fe7ccb3b525bbd3fd8474c5b0d3118f8d73,eafd9b2119b9a7e144a53a4236e0513518efe7c6,Rosenbrock,30,20000,20260827,DA,3,19,20260845,9147.069099220822,20000,499,0.196961695
go1.26.0,a7ed28495fb02c8b04d75e9bf849bf4b0ad04928,3a165fe7ccb3b525bbd3fd8474c5b0d3118f8d73,eafd9b2119b9a7e144a53a4236e0513518efe7c6,Rosenbrock,30,20000,20260827,DA,3,20,20260846,10309.747829115233,20000,499,0.273210706
go1.26.0,a7ed28495fb02c8b04d75e9bf849bf4b0ad04928,3a165fe7ccb3b525bbd3fd8474c5b0d3118f8d73,eafd9b2119b9a7e144a53a4236e0513518efe7c6,Rosenbrock,30,20000,20260827,DA,3,21,20260847,5265.588390594037,20000,499,0.236348698
go1.26.0,a7ed28495fb02c8b04d75e9bf849bf4b0ad04928,3a165fe7ccb3b525bbd3fd8474c5b0d3118f8d73,eafd9b2119b9a7e144a53a4236e0513518efe7c6,Rosenbrock,30,20000,20260827,DA,3,22,20260848,3895.8277876486454,20000,499,0.269862833
go1.26.0,a7ed28495fb02c8b04d75e9bf849bf4b0ad04928,3a165fe7ccb3b525bbd3fd8474c5b0d3118f8d73,eafd9b2119b9a7e144a53a4236e0513518efe7c6,Rosenbrock,30,20000,20260827,DA,3,23,20260849,12830.304398019074,20000,499,0.257006752
go1.26.0,a7ed28495fb02c8b04d75e9bf849bf4b0ad04928,3a165fe7ccb3b525bbd3fd8474c5b0d3118f8d73,eafd9b2119b9a7e144a53a4236e0513518efe7c6,Rosenbrock,30,20000,20260827,DA,3,24,20260850,3042.934260131041,20000,499,0.223858657
go1.26.0,a7ed28495fb02c8b04d75e9bf849bf4b0ad04928,3a165fe7ccb3b525bbd3fd8474c5b0d3118f8d73,eafd9b2119b9a7e144a53a4236e0513518efe7c6,Rosenbrock,30,20000,20260827,DA,3,25,20260851,5559.689471593616,20000,499,0.191724738
go1.26.0,a7ed28495fb02c8b04d75e9bf849bf4b0ad04928,3a165fe7ccb3b525bbd3fd8474c5b0d3118f8d73,eafd9b2119b9a7e144a53a4236e0513518efe7c6,Rosenbrock,30,20000,20260827,DA,3,26,20260852,19568.34782502407,20000,499,0.189372113
go1.26.0,a7ed28495fb02c8b04d75e9bf849bf4b0ad04928,3a165fe7ccb3b525bbd3fd8474c5b0d3118f8d73,eafd9b2119b9a7e144a53a4236e0513518efe7c6,Rosenbrock,30,20000,20260827,DA,3,27,20260853,2758.530991028685,20000,499,0.229218397
go1.26.0,a7ed28495fb02c8b04d75e9bf849bf4b0ad04928,3a165fe7ccb3b525bbd3fd8474c5b0d3118f8d73,eafd9b2119b9a7e144a53a4236e0513518efe7c6,Rosenbrock,30,20000,20260827,DA,3,28,20260854,7013.164338819256,20000,499,0.230067255
go1.26.0,a7ed28495fb02c8b04d75e9bf849bf4b0ad04928,3a165fe7ccb3b525bbd3fd8474c5b0d3118f8d73,eafd9b2119b9a7e144a53a4236e0513518efe7c6,Rosenbrock,30,20000,20260827,DA,3,29,20260855,7933.350031745861,20000,499,0.252066972
go1.26.0,a7ed28495fb02c8b04d75e9bf849bf4b0ad04928,3a165fe7ccb3b525bbd3fd8474c5b0d3118f8d73,eafd9b2119b9a7e144a53a4236e0513518efe7c6,Rosenbrock,30,20000,20260827,DA,3,30,20260856,7062.968692831463,20000,499,0.225355928
go1.26.0,a7ed28495fb02c8b04d75e9bf849bf4b0ad04928,3a165fe7ccb3b525bbd3fd8474c5b0d3118f8d73,eafd9b2119b9a7e144a53a4236e0513518efe7c6,Rosenbrock,30,20000,20260827,MA,2,1,20260827,102.20777023053084,20000,322,0.035276038
go1.26.0,a7ed28495fb02c8b04d75e9bf849bf4b0ad04928,3a165fe7ccb3b525bbd3fd8474c5b0d3118f8d73,eafd9b2119b9a7e144a53a4236e0513518efe7c6,Rosenbrock,30,20000,20260827,MA,2,2,20260828,171.02456242712998,20000,322,0.02688474
go1.26.0,a7ed28495fb02c8b04d75e9bf849bf4b0ad04928,3a165fe7ccb3b525bbd3fd8474c5b0d3118f8d73,eafd9b2119b9a7e144a53a4236e0513518efe7c6,Rosenbrock,30,20000,20260827,MA,2,3,20260829,125.83867212817911,20000,322,0.01805707
go1.26.0,a7ed28495fb02c8b04d75e9bf849bf4b0ad04928,3a165fe7ccb3b525bbd3fd8474c5b0d3118f8d73,eafd9b2119b9a7e144a53a4236e0513518efe7c6,Rosenbrock,30,20000,20260827,MA,2,4,20260830,24.47573696886992,20000,322,0.02654454
go1.26.0,a7ed28495fb02c8b04d75e9bf849bf4b0ad04928,3a165fe7ccb3b525bbd3fd8474c5b0d3118f8d73,eafd9b2119b9a7e144a53a4236e0513518efe7c6,Rosenbrock,30,20000,20260827,MA,2,5,20260831,20.047199126368167,20000,322,0.029626943
go1.26.0,a7ed28495fb02c8b04d75e9bf849bf4b0ad04928,3a165fe7ccb3b525bbd3fd8474c5b0d3118f8d73,eafd9b2119b9a7e144a53a4236e0513518efe7c6,Rosenbrock,30,20000,20260827,MA,2,6,20260832,74.5828584462735,20000,322,0.034756065
go1.26.0,a7ed28495fb02c8b04d75e9bf849bf4b0ad04928,3a165fe7ccb3b525bbd3fd8474c5b0d3118f8d73,eafd9b2119b9a7e144a53a4236e0513518efe7c6,Rosenbrock,30,20000,20260827,MA,2,7,20260833,196.7915445136837,20000,322,0.036616443
go1.26.0,a7ed28495fb02c8b04d75e9bf849bf4b0ad04928,3a165fe7ccb3b525bbd3fd8474c5b0d3118f8d73,eafd9b2119b9a7e144a53a4236e0513518efe7c6,Rosenbrock,30,20000,20260827,MA,2,8,20260834,88.4854725144807,20000,322,0.020538972
go1.26.0,a7ed28495fb02c8b04d75e9bf849bf4b0ad04928,3a165fe7ccb3b525bbd3fd8474c5b0d3118f8d73,eafd9b2119b9a7e144a53a4236e0513518efe7c6,Rosenbrock,30,20000,20260827,MA,2,9,20260835,132.9265118728167,20000,322,0.041053781
go1.26.0,a7ed28495fb02c8b04d75e9bf849bf4b0ad04928,3a165fe7ccb3b525bbd3fd8474c5b0d3118f8d73,eafd9b2119b9a7e144a53a4236e0513518efe7c6,Rosenbrock,30,20000,20260827,MA,2,10,20260836,83.15270802478656,20000,322,0.014966915
go1.26.0,a7ed28495fb02c8b04d75e9bf849bf4b0ad04928,3a165fe7ccb3b525bbd3fd8474c5b0d3118f8d73,eafd9b2119b9a7e144a53a4236e0513518efe7c6,Rosenbrock,30,20000,20260827,MA,2,11,20260837,27.954904071797444,20000,322,0.036029073
go1.26.0,a7ed28495fb02c8b04d75e9bf849bf4b0ad04928,3a165fe7ccb3b525bbd3fd8474c5b0d3118f8d73,eafd9b2119b9a7e144a53a4236e0513518efe7c6,Rosenbrock,30,20000,20260827,MA,2,12,20260838,71.3850500663569,20000,322,0.016614765
go1.26.0,a7ed28495fb02c8b04d75e9bf849bf4b0ad04928,3a165fe7ccb3b525bbd3fd8474c5b0d3118f8d73,eafd9b2119b9a7e144a53a4236e0513518efe7c6,Rosenbrock,30,20000,20260827,MA,2,13,20260839,149.29255545884763,20000,322,0.016564619
go1.26.0,a7ed28495fb02c8b04d75e9bf849bf4b0ad04928,3a165fe7ccb3b525bbd3fd8474c5b0d3118f8d73,eafd9b2119b9a7e144a53a4236e0513518efe7c6,Rosenbrock,30,20000,20260827,MA,2,14,20260840,15.96656381650136,20000,322,0.036969006
go1.26.0,a7ed28495fb02c8b04d75e9bf849bf4b0ad04928,3a165fe7ccb3b525bbd3fd8474c5b0d3118f8d73,eafd9b2119b9a7e144a53a4236e0513518efe7c6,Rosenbrock,30,20000,20260827,MA,2,15,20260841,5.324142728404942,20000,322,0.041383225
go1.26.0,a7ed28495fb02c8b04d75e9bf849bf4b0ad04928,3a165fe7ccb3b525bbd3fd8474c5b0d3118f8d73,eafd9b2119b9a7e144a53a4236e0513518efe7c6,Rosenbrock,30,20000,20260827,MA,2,16,20260842,26.131708166948904,20000,322,0.014663661
go1.26.0,a7ed28495fb02c8b04d75e9bf849bf4b0ad04928,3a165fe7ccb3b525bbd3fd8474c5b0d3118f8d73,eafd9b2119b9a7e144a53a4236e0513518efe7c6,Rosenbrock,30,20000,20260827,MA,2,17,20260843,100.34364501076598,20000,322,0.034912231
go1.26.0,a7ed28495fb02c8b04d75e9bf849bf4b0ad04928,3a165fe7ccb3b525bbd3fd8474c5b0d3118f8d73,eafd9b2119b9a7e144a53a4236e0513518efe7c6,Rosenbrock,30,20000,20260827,MA,2,18,20260844,184.40989537529353,20000,322,0.034667994
go1.26.0,a7ed28495fb02c8b04d75e9bf849bf4b0ad04928,3a165fe7ccb3b525bbd3fd8474c5b0d3118f8d73,eafd9b2119b9a7e144a53a4236e0513518efe7c6,Rosenbrock,30,20000,20260827,MA,2,19,20260845,80.4117290918264,20000,322,0.022599938
go1.26.0,a7ed28495fb02c8b04d75e9bf849bf4b0ad04928,3a165fe7ccb3b525bbd3fd8474c5b0d3118f8d73,eafd9b2119b9a7e144a53a4236e0513518efe7c6,Rosenbrock,30,20000,20260827,MA,2,20,20260846,6.459194831956571,20000,322,0.033695445
go1.26.0,a7ed28495fb02c8b04d75e9bf849bf4b0ad04928,3a165fe7ccb3b525bbd3fd8474c5b0d3118f8d73,eafd9b2119b9a7e144a53a4236e0513518efe7c6,Rosenbrock,30,20000,20260827,MA,2,21,20260847,99.21332447561505,20000,322,0.045439854
go1.26.0,a7ed28495fb02c8b04d75e9bf849bf4b0ad04928,3a165fe7ccb3b525bbd3fd8474c5b0d3118f8d73,eafd9b2119b9a7e144a53a4236e0513518efe7c6,Rosenbrock,30,20000,20260827,MA,2,22,20260848,27.401001201780215,20000,322,0.017165119
go1.26.0,a7ed28495fb02c8b04d75e9bf849bf4b0ad04928,3a165fe7ccb3b525bbd3fd8474c5b0d3118f8d73,eafd9b2119b9a7e144a53a4236e0513518efe7c6,Rosenbrock,30,20000,20260827,MA,2,23,20260849,334.4239520786903,20000,322,0.034514621
go1.26.0,a7ed28495fb02c8b04d75e9bf849bf4b0ad04928,3a165fe7ccb3b525bbd3fd8474c5b0d3118f8d73,eafd9b2119b9a7e144a53a4236e0513518efe7c6,Rosenbrock,30,20000,20260827,MA,2,24,20260850,128.51742588689393,20000,322,0.016357886
go1.26.0,a7ed28495fb02c8b04d75e9bf849bf4b0ad04928,3a165fe7ccb3b525bbd3fd8474c5b0d3118f8d73,eafd9b2119b9a7e144a53a4236e0513518efe7c6,Rosenbrock,30,20000,20260827,MA,2,25,20260851,27.090141045018324,20000,322,0.03694945
go1.26.0,a7ed28495fb02c8b04d75e9bf849bf4b0ad04928,3a165fe7ccb3b525bbd3fd8474c5b0d3118f8d73,eafd9b2119b9a7e144a53a4236e0513518efe7c6,Rosenbrock,30,20000,20260827,MA,2,26,20260852,91.62980977197572,20000,322,0.035769471
go1.26.0,a7ed28495fb02c8b04d75e9bf849bf4b0ad04928,3a165fe7ccb3b525bbd3fd8474c5b0d3118f8d73,eafd9b2119b9a7e144a53a4236e0513518efe7c6,Rosenbrock,30,20000,20260827,MA,2,27,20260853,76.9415200364987,20000,322,0.019502309
go1.26.0,a7ed28495fb02c8b04d75e9bf849bf4b0ad04928,3a165fe7ccb3b525bbd3fd8474c5b0d3118f8d73,eafd9b2119b9a7e144a53a4236e0513518efe7c6,Rosenbrock,30,20000,20260827,MA,2,28,20260854,88.24747062008753,20000,322,0.036910827
go1.26.0,a7ed28495fb02c8b04d75e9bf849bf4b0ad04928,3a165fe7ccb3b525bbd3fd8474c5b0d3118f8d73,eafd9b2119b9a7e144a53a4236e0513518efe7c6,Rosenbrock,30,20000,20260827,MA,2,29,20260855,74.10115774957913,20000,322,0.016436318
go1.26.0,a7ed28495fb02c8b04d75e9bf849bf4b0ad04928,3a165fe7ccb3b525bbd3fd8474c5b0d3118f8d73,eafd9b2119b9a7e144a53a4236e0513518efe7c6,Rosenbrock,30,20000,20260827,MA,2,30,20260856,82.49338557179627,20000,322,0.027790031
go1.26.0,a7ed28495fb02c8b04d75e9bf849bf4b0ad04928,3a165fe7ccb3b525bbd3fd8474c5b0d3118f8d73,eafd9b2119b9a7e144a53a4236e0513518efe7c6,Rosenbrock,30,20000,20260827,CMA-ES,1,1,20260827,72.4839891215776,20000,1429,1.85723417
go1.26.0,a7ed28495fb02c8b04d75e9bf849bf4b0ad04928,3a165fe7ccb3b525bbd3fd8474c5b0d3118f8d73,eafd9b2119b9a7e144a53a4236e0513518efe7c6,Rosenbrock,30,20000,20260827,CMA-ES,1,2,20260828,11.13846505657073,20000,1429,1.573679876
go1.26.0,a7ed28495fb02c8b04d75e9bf849bf4b0ad04928,3a165fe7ccb3b525bbd3fd8474c5b0d3118f8d73,eafd9b2119b9a7e144a53a4236e0513518efe7c6,Rosenbrock,30,20000,20260827,CMA-ES,1,3,20260829,16.21949688657187,20000,1429,1.570769214
go1.26.0,a7ed28495fb02c8b04d75e9bf849bf4b0ad04928,3a165fe7ccb3b525bbd3fd8474c5b0d3118f8d73,eafd9b2119b9a7e144a53a4236e0513518efe7c6,Rosenbrock,30,20000,20260827,CMA-ES,1,4,20260830,23.433923629176775,20000,1429,1.9509919930000001
go1.26.0,a7ed28495fb02c8b04d75e9bf849bf4b0ad04928,3a165fe7ccb3b525bbd3fd8474c5b0d3118f8d73,eafd9b2119b9a7e144a53a4236e0513518efe7c6,Rosenbrock,30,20000,20260827,CMA-ES,1,5,20260831,19.860285740602595,20000,1429,1.920890543
go1.26.0,a7ed28495fb02c8b04d75e9bf849bf4b0ad04928,3a165fe7ccb3b525bbd3fd8474c5b0d3118f8d73,eafd9b2119b9a7e144a53a4236e0513518efe7c6,Rosenbrock,30,20000,20260827,CMA-ES,1,6,20260832,12.929262016472983,20000,1429,1.8164763800000001
go1.26.0,a7ed28495fb02c8b04d75e9bf849bf4b0ad04928,3a165fe7ccb3b525bbd3fd8474c5b0d3118f8d73,eafd9b2119b9a7e144a53a4236e0513518efe7c6,Rosenbrock,30,20000,20260827,CMA-ES,1,7,20260833,7.964898395875135,20000,1429,1.831831336
go1.26.0,a7ed28495fb02c8b04d75e9bf849bf4b0ad04928,3a165fe7ccb3b525bbd3fd8474c5b0d3118f8d73,eafd9b2119b9a7e144a53a4236e0513518efe7c6,Rosenbrock,30,20000,20260827,CMA-ES,1,8,20260834,10.584548475487956,20000,1429,1.8111329139999999
go1.26.0,a7ed28495fb02c8b04d75e9bf849bf4b0ad04928,3a165fe7ccb3b525bbd3fd8474c5b0d3118f8d73,eafd9b2119b9a7e144a53a4236e0513518efe7c6,Rosenbrock,30,20000,20260827,CMA-ES,1,9,20260835,3.9856779683196155,20000,1429,1.8217561500000001
go1.26.0,a7ed28495fb02c8b04d75e9bf849bf4b0ad04928,3a165fe7ccb3b525bbd3fd8474c5b0d3118f8d73,eafd9b2119b9a7e144a53a4236e0513518efe7c6,Rosenbrock,30,20000,20260827,CMA-ES,1,10,20260836,10.977896135720549,20000,1429,1.734016746
go1.26.0,a7ed28495fb02c8b04d75e9bf849bf4b0ad04928,3a165fe7ccb3b525bbd3fd8474c5b0d3118f8d73,eafd9b2119b9a7e144a53a4236e0513518efe7c6,Rosenbrock,30,20000,20260827,CMA-ES,1,11,20260837,19.296575976162117,20000,1429,1.786919418
go1.26.0,a7ed28495fb02c8b04d75e9bf849bf4b0ad04928,3a165fe7ccb3b525bbd3fd8474c5b0d3118f8d73,eafd9b2119b9a7e144a53a4236e0513518efe7c6,Rosenbrock,30,20000,20260827,CMA-ES,1,12,20260838,20.374591791328864,20000,1429,1.33719338
go1.26.0,a7ed28495fb02c8b04d75e9bf849bf4b0ad04928,3a165fe7ccb3b525bbd3fd8474c5b0d3118f8d73,eafd9b2119b9a7e144a53a4236e0513518efe7c6,Rosenbrock,30,20000,20260827,CMA-ES,1,13,20260839,16.276409830303525,20000,1429,1.748282098
go1.26.0,a7ed28495fb02c8b04d75e9bf849bf4b0ad04928,3a165fe7ccb3b525bbd3fd8474c5b0d3118f8d73,eafd9b2119b9a7e144a53a4236e0513518efe7c6,Rosenbrock,30,20000,20260827,CMA-ES,1,14,20260840,10.895460179428587,20000,1429,1.830804381
go1.26.0,a7ed28495fb02c8b04d75e9bf849bf4b0ad04928,3a165fe7ccb3b525bbd3fd8474c5b0d3118f8d73,eafd9b2119b9a7e144a53a4236e0513518efe7c6,Rosenbrock,30,20000,20260827,CMA-ES,1,15,20260841,19.727210553406593,20000,1429,1.7517954260000002
go1.26.0,a7ed28495fb02c8b04d75e9bf849bf4b0ad04928,3a165fe7ccb3b525bbd3fd8474c5b0d3118f8d73,eafd9b2119b9a7e144a53a4236e0513518efe7c6,Rosenbrock,30,20000,20260827,CMA-ES,1,16,20260842,69.2030662524128,20000,1429,1.654331233
go1.26.0,a7ed28495fb02c8b04d75e9bf849bf4b0ad04928,3a165fe7ccb3b525bbd3fd8474c5b0d3118f8d73,eafd9b2119b9a7e144a53a4236e0513518efe7c6,Rosenbrock,30,20000,20260827,CMA-ES,1,17,20260843,12.939999744914392,20000,1429,1.784916003
go1.26.0,a7ed28495fb02c8b04d75e9bf849bf4b0ad04928,3a165fe7ccb3b525bbd3fd8474c5b0d3118f8d73,eafd9b2119b9a7e144a53a4236e0513518efe7c6,Rosenbrock,30,20000,20260827,CMA-ES,1,18,20260844,22.153018173518973,20000,1429,1.754845633
go1.26.0,a7ed28495fb02c8b04d75e9bf849bf4b0ad04928,3a165fe7ccb3b525bbd3fd8474c5b0d3118f8d73,eafd9b2119b9a7e144a53a4236e0513518efe7c6,Rosenbrock,30,20000,20260827,CMA-ES,1,19,20260845,19.57130700273057,20000,1429,1.839518627
go1.26.0,a7ed28495fb02c8b04d75e9bf849bf4b0ad04928,3a165fe7ccb3b525bbd3fd8474c5b0d3118f8d73,eafd9b2119b9a7e144a53a4236e0513518efe7c6,Rosenbrock,30,20000,20260827,CMA-ES,1,20,20260846,8.645816807289,20000,1429,1.688151694
go1.26.0,a7ed28495fb02c8b04d75e9bf849bf4b0ad04928,3a165fe7ccb3b525bbd3fd8474c5b0d3118f8d73,eafd9b2119b9a7e144a53a4236e0513518efe7c6,Rosenbrock,30,20000,20260827,CMA-ES,1,21,20260847,97.94052580914202,20000,1429,1.713026873
go1.26.0,a7ed28495fb02c8b04d75e9bf849bf4b0ad04928,3a165fe7ccb3b525bbd3fd8474c5b0d3118f8d73,eafd9b2119b9a7e144a53a4236e0513518efe7c6,Rosenbrock,30,20000,20260827,CMA-ES,1,22,20260848,26.15589627870441,20000,1429,1.573636086
go1.26.0,a7ed28495fb02c8b04d75e9bf849bf4b0ad04928,3a165fe7ccb3b525bbd3fd8474c5b0d3118f8d73,eafd9b2119b9a7e144a53a4236e0513518efe7c6,Rosenbrock,30,20000,20260827,CMA-ES,1,23,20260849,21.61058769041275,20000,1429,1.802548364
go1.26.0,a7ed28495fb02c8b04d75e9bf849bf4b0ad04928,3a165fe7ccb3b525bbd3fd8474c5b0d3118f8d73,eafd9b2119b9a7e144a53a4236e0513518efe7c6,Rosenbrock,30,20000,20260827,CMA-ES,1,24,20260850,23.22439694936697,20000,1429,1.779993055
go1.26.0,a7ed28495fb02c8b04d75e9bf849bf4b0ad04928,3a165fe7ccb3b525bbd3fd8474c5b0d3118f8d73,eafd9b2119b9a7e144a53a4236e0513518efe7c6,Rosenbrock,30,20000,20260827,CMA-ES,1,25,20260851,10.796494112902051,20000,1429,1.7484942079999999
go1.26.0,a7ed28495fb02c8b04d75e9bf849bf4b0ad04928,3a165fe7ccb3b525bbd3fd8474c5b0d3118f8d73,eafd9b2119b9a7e144a53a4236e0513518efe7c6,Rosenbrock,30,20000,20260827,CMA-ES,1,26,20260852,20.660719612659193,20000,1429,1.775151124
go1.26.0,a7ed28495fb02c8b04d75e9bf849bf4b0ad04928,3a165fe7ccb3b525bbd3fd8474c5b0d3118f8d73,eafd9b2119b9a7e144a53a4236e0513518efe7c6,Rosenbrock,30,20000,20260827,CMA-ES,1,27,20260853,92.47729591533466,20000,1429,1.838537837
go1.26.0,a7ed28495fb02c8b04d75e9bf849bf4b0ad04928,3a165fe7ccb3b525bbd3fd8474c5b0d3118f8d73,eafd9b2119b9a7e144a53a4236e0513518efe7c6,Rosenbrock,30,20000,20260827,CMA-ES,1,28,20260854,9.943141578959878,20000,1429,2.009928099
go1.26.0,a7ed28495fb02c8b04d75e9bf849bf4b0ad04928,3a165fe7ccb3b525bbd3fd8474c5b0d3118f8d73,eafd9b2119b9a7e144a53a4236e0513518efe7c6,Rosenbrock,30,20000,20260827,CMA-ES,1,29,20260855,7.117356855054763,20000,1429,1.733811829
go1.26.0,a7ed28495fb02c8b04d75e9bf849bf4b0ad04928,3a165fe7ccb3b525bbd3fd8474c5b0d3118f8d73,eafd9b2119b9a7e144a53a4236e0513518efe7c6,Rosenbrock,30,20000,20260827,CMA-ES,1,30,20260856,18.887033926753663,20000,1429,1.789890075
go1.26.0,a7ed28495fb02c8b04d75e9bf849bf4b0ad04928,3a165fe7ccb3b525bbd3fd8474c5b0d3118f8d73,eafd9b2119b9a7e144a53a4236e0513518efe7c6,Rastrigin,30,20000,20260827,DA,3,1,20260827,148.10639617168263,20000,499,0.222670227
go1.26.0,a7ed28495fb02c8b04d75e9bf849bf4b0ad04928,3a165fe7ccb3b525bbd3fd8474c5b0d3118f8d73,eafd9b2119b9a7e144a53a4236e0513518efe7c6,Rastrigin,30,20000,20260827,DA,3,2,20260828,171.23484546589074,20000,499,0.212951444
go1.26.0,a7ed28495fb02c8b04d75e9bf849bf4b0ad04928,3a165fe7ccb3b525bbd3fd8474c5b0d3118f8d73,eafd9b2119b9a7e144a53a4236e0513518efe7c6,Rastrigin,30,20000,20260827,DA,3,3,20260829,121.90501876100757,20000,499,0.258890109
go1.26.0,a7ed28495fb02c8b04d75e9bf849bf4b0ad04928,3a165fe7ccb3b525bbd3fd8474c5b0d3118f8d73,eafd9b2119b9a7e144a53a4236e0513518efe7c6,Rastrigin,30,20000,20260827,DA,3,4,20260830,176.56255401399716,20000,499,0.249749128
go1.26.0,a7ed28495fb02c8b04d75e9bf849bf4b0ad04928,3a165fe7ccb3b525bbd3fd8474c5b0d3118f8d73,eafd9b2119b9a7e144a53a4236e0513518efe7c6,Rastrigin,30,20000,20260827,DA,3,5,20260831,168.04454067024392,20000,499,0.215659914
go1.26.0,a7ed28495fb02c8b04d75e9bf849bf4b0ad04928,3a165fe7ccb3b525bbd3fd8474c5b0d3118f8d73,eafd9b2119b9a7e144a53a4236e0513518efe7c6,Rastrigin,30,20000,20260827,DA,3,6,20260832,178.67709279346823,20000,499,0.151766428
go1.26.0,a7ed28495fb02c8b04d75e9bf849bf4b0ad04928,3a165fe7ccb3b525bbd3fd8474c5b0d3118f8d73,eafd9b2119b9a7e144a53a4236e0513518efe7c6,Rastrigin,30,20000,20260827,DA,3,7,20260833,150.53702392576446,20000,499,0.309639414
go1.26.0,a7ed28495fb02c8b04d75e9bf849bf4b0ad04928,3a165fe7ccb3b525bbd3fd8474c5b0d3118f8d73,eafd9b2119b9a7e144a53a4236e0513518efe7c6,Rastrigin,30,20000,20260827,DA,3,8,20260834,198.95618339999743,20000,499,0.144824909
go1.26.0,a7ed28495fb02c8b04d75e9bf849bf4b0ad04928,3a165fe7ccb3b525bbd3fd8474c5b0d3118f8d73,eafd9b2119b9a7e144a53a4236e0513518efe7c6,Rastrigin,30,20000,20260827,DA,3,9,20260835,202.60884043437048,20000,499,0.203363545
go1.26.0,a7ed28495fb02c8b04d75e9bf849bf4b0ad04928,3a165fe7ccb3b525bbd3fd8474c5b0d3118f8d73,eafd9b2119b9a7e144a53a4236e0513518efe7c6,Rastrigin,30,20000,20260827,DA,3,10,20260836,143.29214044108406,20000,499,0.219069248
go1.26.0,a7ed28495fb02c8b04d75e9bf849bf4b0ad04928,3a165fe7ccb3b525bbd3fd8474c5b0d3118f8d73,eafd9b2119b9a7e144a53a4236e0513518efe7c6,Rastrigin,30,20000,20260827,DA,3,11,20260837,176.8098890592356,20000,499,0.269754439
go1.26.0,a7ed28495fb02c8b04d75e9bf849bf4b0ad04928,3a165fe7ccb3b525bbd3fd8474c5b0d3118f8d73,eafd9b2119b9a7e144a53a4236e0513518efe7c6,Rastrigin,30,20000,20260827,DA,3,12,20260838,182.40025756169194,20000,499,0.244037944
go1.26.0,a7ed28495fb02c8b04d75e9bf849bf4b0ad04928,3a165fe7ccb3b525bbd3fd8474c5b0d3118f8d73,eafd9b2119b9a7e144a53a4236e0513518efe7c6,Rastrigin,30,20000,20260827,DA,3,13,20260839,150.05259316518936,20000,499,0.16735745
go1.26.0,a7ed28495fb02c8b04d75e9bf849bf4b0ad04928,3a165fe7ccb3b525bbd3fd8474c5b0d3118f8d73,eafd9b2119b9a7e144a53a4236e0513518efe7c6,Rastrigin,30,20000,20260827,DA,3,14,20260840,152.49833563831302,20000,499,0.259074002
go1.26.0,a7ed28495fb02c8b04d75e9bf849bf4b0ad04928,3a165fe7ccb3b525bbd3fd8474c5b0d3118f8d73,eafd9b2119b9a7e144a53a4236e0513518efe7c6,Rastrigin,30,20000,20260827,DA,3,15,20260841,184.56545863820804,20000,499,0.220572386
go1.26.0,a7ed28495fb02c8b04d75e9bf849bf4b0ad04928,3a165fe7ccb3b525bbd3fd8474c5b0d3118f8d73,eafd9b2119b9a7e144a53a4236e0513518efe7c6,Rastrigin,30,20000,20260827,DA,3,16,20260842,161.31946505968432,20000,499,0.249718747
go1.26.0,a7ed28495fb02c8b04d75e9bf849bf4b0ad04928,3a165fe7ccb3b525bbd3fd8474c5b0d3118f8d73,eafd9b2119b9a7e144a53a4236e0513518efe7c6,Rastrigin,30,20000,20260827,DA,3,17,20260843,152.99715996329326,20000,499,0.292628786
go1.26.0,a7ed28495fb02c8b04d75e9bf849bf4b0ad04928,3a165fe7ccb3b525bbd3fd8474c5b0d3118f8d73,eafd9b2119b9a7e144a53a4236e0513518efe7c6,Rastrigin,30,20000,20260827,DA,3,18,20260844,169.37534187878256,20000,499,0.250933647
go1.26.0,a7ed28495fb02c8b04d75e9bf849bf4b0ad04928,3a165fe7ccb3b525bbd3fd8474c5b0d3118f8d73,eafd9b2119b9a7e144a53a4236e0513518efe7c6,Rastrigin,30,20000,20260827,DA,3,19,20260845,131.17361319941736,20000,499,0.281445907
go1.26.0,a7ed28495fb02c8b04d75e9bf849bf4b0ad04928,3a165fe7ccb3b525bbd3fd8474c5b0d3118f8d73,eafd9b2119b9a7e144a53a4236e0513518efe7c6,Rastrigin,30,20000,20260827,DA,3,20,20260846,159.5736985066657,20000,499,0.307110927
go1.26.0,a7ed28495fb02c8b04d75e9bf849bf4b0ad04928,3a165fe7ccb3b525bbd3fd8474c5b0d3118f8d73,eafd9b2119b9a7e144a53a4236e0513518efe7c6,Rastrigin,30,20000,20260827,DA,3,21,20260847,154.9957534552842,20000,499,0.239522385
go1.26.0,a7ed28495fb02c8b04d75e9bf849bf4b0ad04928,3a165fe7ccb3b525bbd3fd8474c5b0d3118f8d73,eafd9b2119b9a7e144a53a4236e0513518efe7c6,Rastrigin,30,20000,20260827,DA,3,22,20260848,166.14836602829402,20000,499,0.174060878
go1.26.0,a7ed28495fb02c8b04d75e9bf849bf4b0ad04928,3a165fe7ccb3b525bbd3fd8474c5b0d3118f8d73,eafd9b2119b9a7e144a53a4236e0513518efe7c6,Rastrigin,30,20000,20260827,DA,3,23,20260849,200.1109046069333,20000,499,0.22895628
go1.26.0,a7ed28495fb02c8b04d75e9bf849bf4b0ad04928,3a165fe7ccb3b525bbd3fd8474c5b0d3118f8d73,eafd9b2119b9a7e144a53a4236e0513518efe7c6,Rastrigin,30,20000,20260827,DA,3,24,20260850,174.7517571522834,20000,499,0.20256595
go1.26.0,a7ed28495fb02c8b04d75e9bf849bf4b0ad04928,3a165fe7ccb3b525bbd3fd8474c5b0d3118f8d73,eafd9b2119b9a7e144a53a4236e0513518efe7c6,Rastrigin,30,20000,20260827,DA,3,25,20260851,159.56331311072094,20000,499,0.153917908
go1.26.0,a7ed28495fb02c8b04d75e9bf849bf4b0ad04928,3a165fe7ccb3b525bbd3fd8474c5b0d3118f8d73,eafd9b2119b9a7e144a53a4236e0513518efe7c6,Rastrigin,30,20000,20260827,DA,3,26,20260852,152.3801698609626,20000,499,0.286888617
go1.26.0,a7ed28495fb02c8b04d75e9bf849bf4b0ad04928,3a165fe7ccb3b525bbd3fd8474c5b0d3118f8d73,eafd9b2119b9a7e144a53a4236e0513518efe7c6,Rastrigin,30,20000,20260827,DA,3,27,20260853,162.32047107606388,20000,499,0.213077928
go1.26.0,a7ed28495fb02c8b04d75e9bf849bf4b0ad04928,3a165fe7ccb3b525bbd3fd8474c5b0d3118f8d73,eafd9b2119b9a7e144a53a4236e0513518efe7c6,Rastrigin,30,20000,20260827,DA,3,28,20260854,165.90114269253186,20000,499,0.234709088
go1.26.0,a7ed28495fb02c8b04d75e9bf849bf4b0ad04928,3a165fe7ccb3b525bbd3fd8474c5b0d3118f8d73,eafd9b2119b9a7e144a53a4236e0513518efe7c6,Rastrigin,30,20000,20260827,DA,3,29,20260855,194.09552368379195,20000,499,0.211755122
go1.26.0,a7ed28495fb02c8b04d75e9bf849bf4b0ad04928,3a165fe7ccb3b525bbd3fd8474c5b0d3118f8d73,eafd9b2119b9a7e144a53a4236e0513518efe7c6,Rastrigin,30,20000,20260827,DA,3,30,20260856,167.7605557459308,20000,499,0.202379542
go1.26.0,a7ed28495fb02c8b04d75e9bf849bf4b0ad04928,3a165fe7ccb3b525bbd3fd8474c5b0d3118f8d73,eafd9b2119b9a7e144a53a4236e0513518efe7c6,Rastrigin,30,20000,20260827,MA,1,1,20260827,23.885878282993986,20000,322,0.024353599
go1.26.0,a7ed28495fb02c8b04d75e9bf849bf4b0ad04928,3a165fe7ccb3b525bbd3fd8474c5b0d3118f8d73,eafd9b2119b9a7e144a53a4236e0513518efe7c6,Rastrigin,30,20000,20260827,MA,1,2,20260828,31.8401745141947,20000,322,0.045527016
go1.26.0,a7ed28495fb02c8b04d75e9bf849bf4b0ad04928,3a165fe7ccb3b525bbd3fd8474c5b0d3118f8d73,eafd9b2119b9a7e144a53a4236e0513518efe7c6,Rastrigin,30,20000,20260827,MA,1,3,20260829,20.055456203868687,20000,322,0.041025774
go1.26.0,a7ed28495fb02c8b04d75e9bf849bf4b0ad04928,3a165fe7ccb3b525bbd3fd8474c5b0d3118f8d73,eafd9b2119b9a7e144a53a4236e0513518efe7c6,Rastrigin,30,20000,20260827,MA,1,4,20260830,32.89172812328792,20000,322,0.062075361
go1.26.0,a7ed28495fb02c8b04d75e9bf849bf4b0ad04928,3a165fe7ccb3b525bbd3fd8474c5b0d3118f8d73,eafd9b2119b9a7e144a53a4236e0513518efe7c6,Rastrigin,30,20000,20260827,MA,1,5,20260831,26.997640706192954,20000,322,0.049206219
go1.26.0,a7ed28495fb02c8b04d75e9bf849bf4b0ad04928,3a165fe7ccb3b525bbd3fd8474c5b0d3118f8d73,eafd9b2119b9a7e144a53a4236e0513518efe7c6,Rastrigin,30,20000,20260827,MA,1,6,20260832,15.188867596641842,20000,322,0.030605708
go1.26.0,a7ed28495fb02c8b04d75e9bf849bf4b0ad04928,3a165fe7ccb3b525bbd3fd8474c5b0d3118f8d73,eafd9b2119b9a7e144a53a4236e0513518efe7c6,Rastrigin,30,20000,20260827,MA,1,7,20260833,26.906369017008046,20000,322,0.054875986
go1.26.0,a7ed28495fb02c8b04d75e9bf849bf4b0ad04928,3a165fe7ccb3b525bbd3fd8474c5b0d3118f8d73,eafd9b2119b9a7e144a53a4236e0513518efe7c6,Rastrigin,30,20000,20260827,MA,1,8,20260834,25.70740929879105,20000,322,0.029471755
go1.26.0,a7ed28495fb02c8b04d75e9bf849bf4b0ad04928,3a165fe7ccb3b525bbd3fd8474c5b0d3118f8d73,eafd9b2119b9a7e144a53a4236e0513518efe7c6,Rastrigin,30,20000,20260827,MA,1,9,20260835,19.9486482356362,20000,322,0.053074972
go1.26.0,a7ed28495fb02c8b04d75e9bf849bf4b0ad04928,3a165fe7ccb3b525bbd3fd8474c5b0d3118f8d73,eafd9b2119b9a7e144a53a4236e0513518efe7c6,Rastrigin,30,20000,20260827,MA,1,10,20260836,30.969640773138167,20000,322,0.044100914
go1.26.0,a7ed28495fb02c8b04d75e9bf849bf4b0ad04928,3a165fe7ccb3b525bbd3fd8474c5b0d3118f8d73,eafd9b2119b9a7e144a53a4236e0513518efe7c6,Rastrigin,30,20000,20260827,MA,1,11,20260837,33.050040978934874,20000,322,0.030757684
go1.26.0,a7ed28495fb02c8b04d75e9bf849bf4b0ad04928,3a165fe7ccb3b525bbd3fd8474c5b0d3118f8d73,eafd9b2119b9a7e144a53a4236e0513518efe7c6,Rastrigin,30,20000,20260827,MA,1,12,20260838,20.910643929815137,20000,322,0.043897045
go1.26.0,a7ed28495fb02c8b04d75e9bf849bf4b0ad04928,3a165fe7ccb3b525bbd3fd8474c5b0d3118f8d73,eafd9b2119b9a7e144a53a4236e0513518efe7c6,Rastrigin,30,20000,20260827,MA,1,13,20260839,23.95105387018515,20000,322,0.047286404
go1.26.0,a7ed28495fb02c8b04d75e9bf849bf4b0ad04928,3a165fe7ccb3b525bbd3fd8474c5b0d3118f8d73,eafd9b2119b9a7e144a53a4236e0513518efe7c6,Rastrigin,30,20000,20260827,MA,1,14,20260840,27.12253761560521,20000,322,0.064833419
go1.26.0,a7ed28495fb02c8b04d75e9bf849bf4b0ad04928,3a165fe7ccb3b525bbd3fd8474c5b0d3118f8d73,eafd9b2119b9a7e144a53a4236e0513518efe7c6,Rastrigin,30,20000,20260827,MA,1,15,20260841,26.91784208790216,20000,322,0.050527208
go1.26.0,a7ed28495fb02c8b04d75e9bf849bf4b0ad04928,3a165fe7ccb3b525bbd3fd8474c5b0d3118f8d73,eafd9b2119b9a7e144a53a4236e0513518efe7c6,Rastrigin,30,20000,20260827,MA,1,16,20260842,39.80070609634646,20000,322,0.043528
go1.26.0,a7ed28495fb02c8b04d75e9bf849bf4b0ad04928,3a165fe7ccb3b525bbd3fd8474c5b0d3118f8d73,eafd9b2119b9a7e144a53a4236e0513518efe7c6,Rastrigin,30,20000,20260827,MA,1,17,20260843,23.89787079944591,20000,322,0.069406388
go1.26.0,a7ed28495fb02c8b04d75e9bf849bf4b0ad04928,3a165fe7ccb3b525bbd3fd8474c5b0d3118f8d73,eafd9b2119b9a7e144a53a4236e0513518efe7c6,Rastrigin,30,20000,20260827,MA,1,18,20260844,38.890505271841846,20000,322,0.057932478
go1.26.0,a7ed28495fb02c8b04d75e9bf849bf4b0ad04928,3a165fe7ccb3b525bbd3fd8474c5b0d3118f8d73,eafd9b2119b9a7e144a53a4236e0513518efe7c6,Rastrigin,30,20000,20260827,MA,1,19,20260845,21.922228321203136,20000,322,0.038051695
go1.26.0,a7ed28495fb02c8b04d75e9bf849bf4b0ad04928,3a165fe7ccb3b525bbd3fd8474c5b0d3118f8d73,eafd9b2119b9a7e144a53a4236e0513518efe7c6,Rastrigin,30,20000,20260827,MA,1,20,20260846,7.05092182531132,20000,322,0.04623682
go1.26.0,a7ed28495fb02c8b04d75e9bf849bf4b0ad04928,3a165fe7ccb3b525bbd3fd8474c5b0d3118f8d73,eafd9b2119b9a7e144a53a4236e0513518efe7c6,Rastrigin,30,20000,20260827,MA,1,21,20260847,29.03425620418443,20000,322,0.051598584
go1.26.0,a7ed28495fb02c8b04d75e9bf849bf4b0ad04928,3a165fe7ccb3b525bbd3fd8474c5b0d3118f8d73,eafd9b2119b9a7e144a53a4236e0513518efe7c6,Rastrigin,30,20000,20260827,MA,1,22,20260848,12.948855437124621,20000,322,0.042467171
go1.26.0,a7ed28495fb02c8b04d75e9bf849bf4b0ad04928,3a165fe7ccb3b525bbd3fd8474c5b0d3118f8d73,eafd9b2119b9a7e144a53a4236e0513518efe7c6,Rastrigin,30,20000,20260827,MA,1,23,20260849,72.61200479791944,20000,322,0.043230125
go1.26.0,a7ed28495fb02c8b04d75e9bf849bf4b0ad04928,3a165fe7ccb3b525bbd3fd8474c5b0d3118f8d73,eafd9b2119b9a7e144a53a4236e0513518efe7c6,Rastrigin,30,20000,20260827,MA,1,24,20260850,25.86911588659933,20000,322,0.035203332
go1.26.0,a7ed28495fb02c8b04d75e9bf849bf4b0ad04928,3a165fe7ccb3b525bbd3fd8474c5b0d3118f8d73,eafd9b2119b9a7e144a53a4236e0513518efe7c6,Rastrigin,30,20000,20260827,MA,1,25,20260851,25.050214562769213,20000,322,0.054729109
go1.26.0,a7ed28495fb02c8b04d75e9bf849bf4b0ad04928,3a165fe7ccb3b525bbd3fd8474c5b0d3118f8d73,eafd9b2119b9a7e144a53a4236e0513518efe7c6,Rastrigin,30,20000,20260827,MA,1,26,20260852,34.34958540480147,20000,322,0.032513511
go1.26.0,a7ed28495fb02c8b04d75e9bf849bf4b0ad04928,3a165fe7ccb3b525bbd3fd8474c5b0d3118f8d73,eafd9b2119b9a7e144a53a4236e0513518efe7c6,Rastrigin,30,20000,20260827,MA,1,27,20260853,16.92529887657338,20000,322,0.03701098
go1.26.0,a7ed28495fb02c8b04d75e9bf849bf4b0ad04928,3a165fe7ccb3b525bbd3fd8474c5b0d3118f8d73,eafd9b2119b9a7e144a53a4236e0513518efe7c6,Rastrigin,30,20000,20260827,MA,1,28,20260854,12.953157358829515,20000,322,0.023908077
go1.26.0,a7ed28495fb02c8b04d75e9bf849bf4b0ad04928,3a165fe7ccb3b525bbd3fd8474c5b0d3118f8d73,eafd9b2119b9a7e144a53a4236e0513518efe7c6,Rastrigin,30,20000,20260827,MA,1,29,20260855,32.85742372563777,20000,322,0.070080153
go1.26.0,a7ed28495fb02c8b04d75e9bf849bf4b0ad04928,3a165fe7ccb3b525bbd3fd8474c5b0d3118f8d73,eafd9b2119b9a7e144a53a4236e0513518efe7c6,Rastrigin,30,20000,20260827,MA,1,30,20260856,37.931893124837245,20000,322,0.068569124
go1.26.0,a7ed28495fb02c8b04d75e9bf849bf4b0ad04928,3a165fe7ccb3b525bbd3fd8474c5b0d3118f8d73,eafd9b2119b9a7e144a53a4236e0513518efe7c6,Rastrigin,30,20000,20260827,CMA-ES,2,1,20260827,97.84005530552227,20000,1429,1.840263841
go1.26.0,a7ed28495fb02c8b04d75e9bf849bf4b0ad04928,3a165fe7ccb3b525bbd3fd8474c5b0d3118f8d73,eafd9b2119b9a7e144a53a4236e0513518efe7c6,Rastrigin,30,20000,20260827,CMA-ES,2,2,20260828,63.87012890324692,20000,1429,1.783873123
go1.26.0,a7ed28495fb02c8b04d75e9bf849bf4b0ad04928,3a165fe7ccb3b525bbd3fd8474c5b0d3118f8d73,eafd9b2119b9a7e144a53a4236e0513518efe7c6,Rastrigin,30,20000,20260827,CMA-ES,2,3,20260829,81.81104957648512,20000,1429,1.593068273
go1.26.0,a7ed28495fb02c8b04d75e9bf849bf4b0ad04928,3a165fe7ccb3b525bbd3fd8474c5b0d3118f8d73,eafd9b2119b9a7e144a53a4236e0513518efe7c6,Rastrigin,30,20000,20260827,CMA-ES,2,4,20260830,97.50543526919665,20000,1429,1.746180415
go1.26.0,a7ed28495fb02c8b04d75e9bf849bf4b0ad04928,3a165fe7ccb3b525bbd3fd8474c5b0d3118f8d73,eafd9b2119b9a7e144a53a4236e0513518efe7c6,Rastrigin,30,20000,20260827,CMA-ES,2,5,20260831,89.70593149257186,20000,1429,1.6407535439999998
go1.26.0,a7ed28495fb02c8b04d75e9bf849bf4b0ad04928,3a165fe7ccb3b525bbd3fd8474c5b0d3118f8d73,eafd9b2119b9a7e144a53a4236e0513518efe7c6,Rastrigin,30,20000,20260827,CMA-ES,2,6,20260832,98.60148246621392,20000,1429,1.919091485
go1.26.0,a7ed28495fb02c8b04d75e9bf849bf4b0ad04928,3a165fe7ccb3b525bbd3fd8474c5b0d3118f8d73,eafd9b2119b9a7e144a53a4236e0513518efe7c6,Rastrigin,30,20000,20260827,CMA-ES,2,7,20260833,46.178352896532004,20000,1429,1.806529633
go1.26.0,a7ed28495fb02c8b04d75e9bf849bf4b0ad04928,3a165fe7ccb3b525bbd3fd8474c5b0d3118f8d73,eafd9b2119b9a7e144a53a4236e0513518efe7c6,Rastrigin,30,20000,20260827,CMA-ES,2,8,20260834,97.67576219229119,20000,1429,1.968995006
go1.26.0,a7ed28495fb02c8b04d75e9bf849bf4b0ad04928,3a165fe7ccb3b525bbd3fd8474c5b0d3118f8d73,eafd9b2119b9a7e144a53a4236e0513518efe7c6,Rastrigin,30,20000,20260827,CMA-ES,2,9,20260835,53.478532778254646,20000,1429,1.733450537
go1.26.0,a7ed28495fb02c8b04d75e9bf849bf4b0ad04928,3a165fe7ccb3b525bbd3fd8474c5b0d3118f8d73,eafd9b2119b9a7e144a53a4236e0513518efe7c6,Rastrigin,30,20000,20260827,CMA-ES,2,10,20260836,52.19609477291246,20000,1429,1.6241584740000001
go1.26.0,a7ed28495fb02c8b04d75e9bf849bf4b0ad04928,3a165fe7ccb3b525bbd3fd8474c5b0d3118f8d73,eafd9b2119b9a7e144a53a4236e0513518efe7c6,Rastrigin,30,20000,20260827,CMA-ES,2,11,20260837,87.84859446250994,20000,1429,1.6208497830000002
go1.26.0,a7ed28495fb02c8b04d75e9bf849bf4b0ad04928,3a165fe7ccb3b525bbd3fd8474c5b0d3118f8d73,eafd9b2119b9a7e144a53a4236e0513518efe7c6,Rastrigin,30,20000,20260827,CMA-ES,2,12,20260838,75.36198948682247,20000,1429,1.6890333100000001
go1.26.0,a7ed28495fb02c8b04d75e9bf849bf4b0ad04928,3a165fe7ccb3b525bbd3fd8474c5b0d3118f8d73,eafd9b2119b9a7e144a53a4236e0513518efe7c6,Rastrigin,30,20000,20260827,CMA-ES,2,13,20260839,67.49584763910326,20000,1429,1.716890389
go1.26.0,a7ed28495fb02c8b04d75e9bf849bf4b0ad04928,3a165fe7ccb3b525bbd3fd8474c5b0d3118f8d73,eafd9b2119b9a7e144a53a4236e0513518efe7c6,Rastrigin,30,20000,20260827,CMA-ES,2,14,20260840,75.55575387372411,20000,1429,1.399053977
go1.26.0,a7ed28495fb02c8b04d75e9bf849bf4b0ad04928,3a165fe7ccb3b525bbd3fd8474c5b0d3118f8d73,eafd9b2119b9a7e144a53a4236e0513518efe7c6,Rastrigin,30,20000,20260827,CMA-ES,2,15,20260841,84.05705071008208,20000,1429,1.823515817
go1.26.0,a7ed28495fb02c8b04d75e9bf849bf4b0ad04928,3a165fe7ccb3b525bbd3fd8474c5b0d3118f8d73,eafd9b2119b9a7e144a53a4236e0513518efe7c6,Rastrigin,30,20000,20260827,CMA-ES,2,16,20260842,80.89944734497485,20000,1429,1.795387402
go1.26.0,a7ed28495fb02c8b04d75e9bf849bf4b0ad04928,3a165fe7ccb3b525bbd3fd8474c5b0d3118f8d73,eafd9b2119b9a7e144a53a4236e0513518efe7c6,Rastrigin,30,20000,20260827,CMA-ES,2,17,20260843,74.77573027619582,20000,1429,1.5330197939999999
go1.26.0,a7ed28495fb02c8b04d75e9bf849bf4b0ad04928,3a165fe7ccb3b525bbd3fd8474c5b0d3118f8d73,eafd9b2119b9a7e144a53a4236e0513518efe7c6,Rastrigin,30,20000,20260827,CMA-ES,2,18,20260844,56.98329492897477,20000,1429,1.788477591
go1.26.0,a7ed28495fb02c8b04d75e9bf849bf4b0ad04928,3a165fe7ccb3b525bbd3fd8474c5b0d3118f8d73,eafd9b2119b9a7e144a53a4236e0513518efe7c6,Rastrigin,30,20000,20260827,CMA-ES,2,19,20260845,101.69252253626422,20000,1429,1.723441212
go1.26.0,a7ed28495fb02c8b04d75e9bf849bf4b0ad04928,3a165fe7ccb3b525bbd3fd8474c5b0d3118f8d73,eafd9b2119b9a7e144a53a4236e0513518efe7c6,Rastrigin,30,20000,20260827,CMA-ES,2,20,20260846,64.04552697844028,20000,1429,1.658926133
go1.26.0,a7ed28495fb02c8b04d75e9bf849bf4b0ad04928,3a165fe7ccb3b525bbd3fd8474c5b0d3118f8d73,eafd9b2119b9a7e144a53a4236e0513518efe7c6,Rastrigin,30,20000,20260827,CMA-ES,2,21,20260847,77.97044063092949,20000,1429,1.51676269
go1.26.0,a7ed28495fb02c8b04d75e9bf849bf4b0ad04928,3a165fe7ccb3b525bbd3fd8474c5b0d3118f8d73,eafd9b2119b9a7e144a53a4236e0513518efe7c6,Rastrigin,30,20000,20260827,CMA-ES,2,22,20260848,88.99618436213717,20000,1429,1.583636191
go1.26.0,a7ed28495fb02c8b04d75e9bf849bf4b0ad04928,3a165fe7ccb3b525bbd3fd8474c5b0d3118f8d73,eafd9b2119b9a7e144a53a4236e0513518efe7c6,Rastrigin,30,20000,20260827,CMA-ES,2,23,20260849,99.76394462712366,20000,1429,1.573050251
go1.26.0,a7ed28495fb02c8b04d75e9bf849bf4b0ad04928,3a165fe7ccb3b525bbd3fd8474c5b0d3118f8d73,eafd9b2119b9a7e144a53a4236e0513518efe7c6,Rastrigin,30,20000,20260827,CMA-ES,2,24,20260850,65.98642218957093,20000,1429,1.631038253
go1.26.0,a7ed28495fb02c8b04d75e9bf849bf4b0ad04928,3a165fe7ccb3b525bbd3fd8474c5b0d3118f8d73,eafd9b2119b9a7e144a53a4236e0513518efe7c6,Rastrigin,30,20000,20260827,CMA-ES,2,25,20260851,57.35848177405103,20000,1429,1.846052129
go1.26.0,a7ed28495fb02c8b04d75e9bf849bf4b0ad04928,3a165fe7ccb3b525bbd3fd8474c5b0d3118f8d73,eafd9b2119b9a7e144a53a4236e0513518efe7c6,Rastrigin,30,20000,20260827,CMA-ES,2,26,20260852,98.57770654274071,20000,1429,1.9155961769999998
go1.26.0,a7ed28495fb02c8b04d75e9bf849bf4b0ad04928,3a165fe7ccb3b525bbd3fd8474c5b0d3118f8d73,eafd9b2119b9a7e144a53a4236e0513518efe7c6,Rastrigin,30,20000,20260827,CMA-ES,2,27,20260853,90.95826079728897,20000,1429,1.678181062
go1.26.0,a7ed28495fb02c8b04d75e9bf849bf4b0ad04928,3a165fe7ccb3b525bbd3fd8474c5b0d3118f8d73,eafd9b2119b9a7e144a53a4236e0513518efe7c6,Rastrigin,30,20000,20260827,CMA-ES,2,28,20260854,93.85559033174144,20000,1429,1.414996792
go1.26.0,a7ed28495fb02c8b04d75e9bf849bf4b0ad04928,3a165fe7ccb3b525bbd3fd8474c5b0d3118f8d73,eafd9b2119b9a7e144a53a4236e0513518efe7c6,Rastrigin,30,20000,20260827,CMA-ES,2,29,20260855,51.202738932223184,20000,1429,1.948188049
go1.26.0,a7ed28495fb02c8b04d75e9bf849bf4b0ad04928,3a165fe7ccb3b525bbd3fd8474c5b0d3118f8d73,eafd9b2119b9a7e144a53a4236e0513518efe7c6,Rastrigin,30,20000,20260827,CMA-ES,2,30,20260856,73.26071908098368,20000,1429,1.768187395
go1.26.0,a7ed28495fb02c8b04d75e9bf849bf4b0ad04928,3a165fe7ccb3b525bbd3fd8474c5b0d3118f8d73,eafd9b2119b9a7e144a53a4236e0513518efe7c6,Ackley,30,20000,20260827,DA,3,1,20260827,10.390413717525169,20000,499,0.245074189
go1.26.0,a7ed28495fb02c8b04d75e9bf849bf4b0ad04928,3a165fe7ccb3b525bbd3fd8474c5b0d3118f8d73,eafd9b2119b9a7e144a53a4236e0513518efe7c6,Ackley,30,20000,20260827,DA,3,2,20260828,11.010495503075958,20000,499,0.230116423
go1.26.0,a7ed28495fb02c8b04d75e9bf849bf4b0ad04928,3a165fe7ccb3b525bbd3fd8474c5b0d3118f8d73,eafd9b2119b9a7e144a53a4236e0513518efe7c6,Ackley,30,20000,20260827,DA,3,3,20260829,10.270916607411868,20000,499,0.266764156
go1.26.0,a7ed28495fb02c8b04d75e9bf849bf4b0ad04928,3a165fe7ccb3b525bbd3fd8474c5b0d3118f8d73,eafd9b2119b9a7e144a53a4236e0513518efe7c6,Ackley,30,20000,20260827,DA,3,4,20260830,10.568179574225598,20000,499,0.338871263
go1.26.0,a7ed28495fb02c8b04d75e9bf849bf4b0ad04928,3a165fe7ccb3b525bbd3fd8474c5b0d3118f8d73,eafd9b2119b9a7e144a53a4236e0513518efe7c6,Ackley,30,20000,20260827,DA,3,5,20260831,9.591580765367267,20000,499,0.237543064
go1.26.0,a7ed28495fb02c8b04d75e9bf849bf4b0ad04928,3a165fe7ccb3b525bbd3fd8474c5b0d3118f8d73,eafd9b2119b9a7e144a53a4236e0513518efe7c6,Ackley,30,20000,20260827,DA,3,6,20260832,9.488087380050791,20000,499,0.342211103
go1.26.0,a7ed28495fb02c8b04d75e9bf849bf4b0ad04928,3a165fe7ccb3b525bbd3fd8474c5b0d3118f8d73,eafd9b2119b9a7e144a53a4236e0513518efe7c6,Ackley,30,20000,20260827,DA,3,7,20260833,11.291309207170482,20000,499,0.353624949
go1.26.0,a7ed28495fb02c8b04d75e9bf849bf4b0ad04928,3a165fe7ccb3b525bbd3fd8474c5b0d3118f8d73,eafd9b2119b9a7e144a53a4236e0513518efe7c6,Ackley,30,20000,20260827,DA,3,8,20260834,10.342002243785602,20000,499,0.269565027
go1.26.0,a7ed28495fb02c8b04d75e9bf849bf4b0ad04928,3a165fe7ccb3b525bbd3fd8474c5b0d3118f8d73,eafd9b2119b9a7e144a53a4236e0513518efe7c6,Ackley,30,20000,20260827,DA,3,9,20260835,10.676025027043295,20000,499,0.34141686
go1.26.0,a7ed28495fb02c8b04d75e9bf849bf4b0ad04928,3a165fe7ccb3b525bbd3fd8474c5b0d3118f8d73,eafd9b2119b9a7e144a53a4236e0513518efe7c6,Ackley,30,20000,20260827,DA,3,10,20260836,10.044277995021176,20000,499,0.174567371
go1.26.0,a7ed28495fb02c8b04d75e9bf849bf4b0ad04928,3a165fe7ccb3b525bbd3fd8474c5b0d3118f8d73,eafd9b2119b9a7e144a53a4236e0513518efe7c6,Ackley,30,20000,20260827,DA,3,11,20260837,9.147695487434316,20000,499,0.142288181
go1.26.0,a7ed28495fb02c8b04d75e9bf849bf4b0ad04928,3a165fe7ccb3b525bbd3fd8474c5b0d3118f8d73,eafd9b2119b9a7e144a53a4236e0513518efe7c6,Ackley,30,20000,20260827,DA,3,12,20260838,8.743216687552877,20000,499,0.330075231
go1.26.0,a7ed28495fb02c8b04d75e9bf849bf4b0ad04928,3a165fe7ccb3b525bbd3fd8474c5b0d3118f8d73,eafd9b2119b9a7e144a53a4236e0513518efe7c6,Ackley,30,20000,20260827,DA,3,13,20260839,9.60549043375654,20000,499,0.135008348
go1.26.0,a7ed28495fb02c8b04d75e9bf849bf4b0ad04928,3a165fe7ccb3b525bbd3fd8474c5b0d3118f8d73,eafd9b2119b9a7e144a53a4236e0513518efe7c6,Ackley,30,20000,20260827,DA,3,14,20260840,11.098271236950163,20000,499,0.19262074
go1.26.0,a7ed28495fb02c8b04d75e9bf849bf4b0ad04928,3a165fe7ccb3b525bbd3fd8474c5b0d3118f8d73,eafd9b2119b9a7e144a53a4236e0513518efe7c6,Ackley,30,20000,20260827,DA,3,15,20260841,9.720471307198267,20000,499,0.189946004
go1.26.0,a7ed28495fb02c8b04d75e9bf849bf4b0ad04928,3a165fe7ccb3b525bbd3fd8474c5b0d3118f8d73,eafd9b2119b9a7e144a53a4236e0513518efe7c6,Ackley,30,20000,20260827,DA,3,16,20260842,9.146027472922668,20000,499,0.142322054
go1.26.0,a7ed28495fb02c8b04d75e9bf849bf4b0ad04928,3a165fe7ccb3b525bbd3fd8474c5b0d3118f8d73,eafd9b2119b9a7e144a53a4236e0513518efe7c6,Ackley,30,20000,20260827,DA,3,17,20260843,10.56317263098692,20000,499,0.161786649
go1.26.0,a7ed28495fb02c8b04d75e9bf849bf4b0ad04928,3a165fe7ccb3b525bbd3fd8474c5b0d3118f8d73,eafd9b2119b9a7e144a53a4236e0513518efe7c6,Ackley,30,20000,20260827,DA,3,18,20260844,9.654709073190812,20000,499,0.202345459
go1.26.0,a7ed28495fb02c8b04d75e9bf849bf4b0ad04928,3a165fe7ccb3b525bbd3fd8474c5b0d3118f8d73,eafd9b2119b9a7e144a53a4236e0513518efe7c6,Ackley,30,20000,20260827,DA,3,19,20260845,8.743797890962318,20000,499,0.183590319
go1.26.0,a7ed28495fb02c8b04d75e9bf849bf4b0ad04928,3a165fe7ccb3b525bbd3fd8474c5b0d3118f8d73,eafd9b2119b9a7e144a53a4236e0513518efe7c6,Ackley,30,20000,20260827,DA,3,20,20260846,9.277251532530942,20000,499,0.179115617
go1.26.0,a7ed28495fb02c8b04d75e9bf849bf4b0ad04928,3a165fe7ccb3b525bbd3fd8474c5b0d3118f8d73,eafd9b2119b9a7e144a53a4236e0513518efe7c6,Ackley,30,20000,20260827,DA,3,21,20260847,9.248632852754039,20000,499,0.12545949
go1.26.0,a7ed28495fb02c8b04d75e9bf849bf4b0ad04928,3a165fe7ccb3b525bbd3fd8474c5b0d3118f8d73,eafd9b2119b9a7e144a53a4236e0513518efe7c6,Ackley,30,20000,20260827,DA,3,22,20260848,8.929879324925388,20000,499,0.215332006
go1.26.0,a7ed28495fb02c8b04d75e9bf849bf4b0ad04928,3a165fe7ccb3b525bbd3fd8474c5b0d3118f8d73,eafd9b2119b9a7e144a53a4236e0513518efe7c6,Ackley,30,20000,20260827,DA,3,23,20260849,11.195848804111034,20000,499,0.15184486
go1.26.0,a7ed28495fb02c8b04d75e9bf849bf4b0ad04928,3a165fe7ccb3b525bbd3fd8474c5b0d3118f8d73,eafd9b2119b9a7e144a53a4236e0513518efe7c6,Ackley,30,20000,20260827,DA,3,24,20260850,9.862704379640524,20000,499,0.174561714
go1.26.0,a7ed28495fb02c8b04d75e9bf849bf4b0ad04928,3a165fe7ccb3b525bbd3fd8474c5b0d3118f8d73,eafd9b2119b9a7e144a53a4236e0513518efe7c6,Ackley,30,20000,20260827,DA,3,25,20260851,7.851556795040516,20000,499,0.178622673
go1.26.0,a7ed28495fb02c8b04d75e9bf849bf4b0ad04928,3a165fe7ccb3b525bbd3fd8474c5b0d3118f8d73,eafd9b2119b9a7e144a53a4236e0513518efe7c6,Ackley,30,20000,20260827,DA,3,26,20260852,10.405037711454137,20000,499,0.194149371
go1.26.0,a7ed28495fb02c8b04d75e9bf849bf4b0ad04928,3a165fe7ccb3b525bbd3fd8474c5b0d3118f8d73,eafd9b2119b9a7e144a53a4236e0513518efe7c6,Ackley,30,20000,20260827,DA,3,27,20260853,8.770685041804033,20000,499,0.227258772
go1.26.0,a7ed28495fb02c8b04d75e9bf849bf4b0ad04928,3a165fe7ccb3b525bbd3fd8474c5b0d3118f8d73,eafd9b2119b9a7e144a53a4236e0513518efe7c6,Ackley,30,20000,20260827,DA,3,28,20260854,10.614821733279044,20000,499,0.169496149
go1.26.0,a7ed28495fb02c8b04d75e9bf849bf4b0ad04928,3a165fe7ccb3b525bbd3fd8474c5b0d3118f8d73,eafd9b2119b9a7e144a53a4236e0513518efe7c6,Ackley,30,20000,20260827,DA,3,29,20260855,10.53271118575702,20000,499,0.139634537
go1.26.0,a7ed28495fb02c8b04d75e9bf849bf4b0ad04928,3a165fe7ccb3b525bbd3fd8474c5b0d3118f8d73,eafd9b2119b9a7e144a53a4236e0513518efe7c6,Ackley,30,20000,20260827,DA,3,30,20260856,10.662871072232203,20000,499,0.159507776
go1.26.0,a7ed28495fb02c8b04d75e9bf849bf4b0ad04928,3a165fe7ccb3b525bbd3fd8474c5b0d3118f8d73,eafd9b2119b9a7e144a53a4236e0513518efe7c6,Ackley,30,20000,20260827,MA,2,1,20260827,2.97502052812634,20000,322,0.063657281
go1.26.0,a7ed28495fb02c8b04d75e9bf849bf4b0ad04928,3a165fe7ccb3b525bbd3fd8474c5b0d3118f8d73,eafd9b2119b9a7e144a53a4236e0513518efe7c6,Ackley,30,20000,20260827,MA,2,2,20260828,1.778089953238155,20000,322,0.040458588
go1.26.0,a7ed28495fb02c8b04d75e9bf849bf4b0ad04928,3a165fe7ccb3b525bbd3fd8474c5b0d3118f8d73,eafd9b2119b9a7e144a53a4236e0513518efe7c6,Ackley,30,20000,20260827,MA,2,3,20260829,2.9295723671733502,20000,322,0.067535602
go1.26.0,a7ed28495fb02c8b04d75e9bf849bf4b0ad04928,3a165fe7ccb3b525bbd3fd8474c5b0d3118f8d73,eafd9b2119b9a7e144a53a4236e0513518efe7c6,Ackley,30,20000,20260827,MA,2,4,20260830,1.8997685722034068,20000,322,0.032181342
go1.26.0,a7ed28495fb02c8b04d75e9bf849bf4b0ad04928,3a165fe7ccb3b525bbd3fd8474c5b0d3118f8d73,eafd9b2119b9a7e144a53a4236e0513518efe7c6,Ackley,30,20000,20260827,MA,2,5,20260831,1.7831279387774797,20000,322,0.059689002
go1.26.0,a7ed28495fb02c8b04d75e9bf849bf4b0ad04928,3a165fe7ccb3b525bbd3fd8474c5b0d3118f8d73,eafd9b2119b9a7e144a53a4236e0513518efe7c6,Ackley,30,20000,20260827,MA,2,6,20260832,2.495414010692383,20000,322,0.070390741
go1.26.0,a7ed28495fb02c8b04d75e9bf849bf4b0ad04928,3a165fe7ccb3b525bbd3fd8474c5b0d3118f8d73,eafd9b2119b9a7e144a53a4236e0513518efe7c6,Ackley,30,20000,20260827,MA,2,7,20260833,2.015849100787357,20000,322,0.053998283
go1.26.0,a7ed28495fb02c8b04d75e9bf849bf4b0ad04928,3a165fe7ccb3b525bbd3fd8474c5b0d3118f8d73,eafd9b2119b9a7e144a53a4236e0513518efe7c6,Ackley,30,20000,20260827,MA,2,8,20260834,2.011878944172086,20000,322,0.071123801
go1.26.0,a7ed28495fb02c8b04d75e9bf849bf4b0ad04928,3a165fe7ccb3b525bbd3fd8474c5b0d3118f8d73,eafd9b2119b9a7e144a53a4236e0513518efe7c6,Ackley,30,20000,20260827,MA,2,9,20260835,2.2225258207686953,20000,322,0.053053112
go1.26.0,a7ed28495fb02c8b04d75e9bf849bf4b0ad04928,3a165fe7ccb3b525bbd3fd8474c5b0d3118f8d73,eafd9b2119b9a7e144a53a4236e0513518efe7c6,Ackley,30,20000,20260827,MA,2,10,20260836,2.317902645405866,20000,322,0.052121491
go1.26.0,a7ed28495fb02c8b04d75e9bf849bf4b0ad04928,3a165fe7ccb3b525bbd3fd8474c5b0d3118f8d73,eafd9b2119b9a7e144a53a4236e0513518efe7c6,Ackley,30,20000,20260827,MA,2,11,20260837,2.9587034373240475,20000,322,0.02374793
go1.26.0,a7ed28495fb02c8b04d75e9bf849bf4b0ad04928,3a165fe7ccb3b525bbd3fd8474c5b0d3118f8d73,eafd9b2119b9a7e144a53a4236e0513518efe7c6,Ackley,30,20000,20260827,MA,2,12,20260838,1.50224559052586,20000,322,0.063638213
go1.26.0,a7ed28495fb02c8b04d75e9bf849bf4b0ad04928,3a165fe7ccb3b525bbd3fd8474c5b0d3118f8d73,eafd9b2119b9a7e144a53a4236e0513518efe7c6,Ackley,30,20000,20260827,MA,2,13,20260839,1.3404335859111076,20000,322,0.047907857
go1.26.0,a7ed28495fb02c8b04d75e9bf849bf4b0ad04928,3a165fe7ccb3b525bbd3fd8474c5b0d3118f8d73,eafd9b2119b9a7e144a53a4236e0513518efe7c6,Ackley,30,20000,20260827,MA,2,14,20260840,1.3409444123249519,20000,322,0.03781123
go1.26.0,a7ed28495fb02c8b04d75e9bf849bf4b0ad04928,3a165fe7ccb3b525bbd3fd8474c5b0d3118f8d73,eafd9b2119b9a7e144a53a4236e0513518efe7c6,Ackley,30,20000,20260827,MA,2,15,20260841,1.155168299981654,20000,322,0.031426281
go1.26.0,a7ed28495fb02c8b04d75e9bf849bf4b0ad04928,3a165fe7ccb3b525bbd3fd8474c5b0d3118f8d73,eafd9b2119b9a7e144a53a4236e0513518efe7c6,Ackley,30,20000,20260827,MA,2,16,20260842,0.9321772284281349,20000,322,0.020688784
go1.26.0,a7ed28495fb02c8b04d75e9bf849bf4b0ad04928,3a165fe7ccb3b525bbd3fd8474c5b0d3118f8d73,eafd9b2119b9a7e144a53a4236e0513518efe7c6,Ackley,30,20000,20260827,MA,2,17,20260843,2.1232670581036577,20000,322,0.033532783
go1.26.0,a7ed28495fb02c8b04d75e9bf849bf4b0ad04928,3a165fe7ccb3b525bbd3fd8474c5b0d3118f8d73,eafd9b2119b9a7e144a53a4236e0513518efe7c6,Ackley,30,20000,20260827,MA,2,18,20260844,2.321731880812742,20000,322,0.023045949
go1.26.0,a7ed28495fb02c8b04d75e9bf849bf4b0ad04928,3a165fe7ccb3b525bbd3fd8474c5b0d3118f8d73,eafd9b2119b9a7e144a53a4236e0513518efe7c6,Ackley,30,20000,20260827,MA,2,19,20260845,2.496358360805964,20000,322,0.028419796
go1.26.0,a7ed28495fb02c8b04d75e9bf849bf4b0ad04928,3a165fe7ccb3b525bbd3fd8474c5b0d3118f8d73,eafd9b2119b9a7e144a53a4236e0513518efe7c6,Ackley,30,20000,20260827,MA,2,20,20260846,1.8984346065573203,20000,322,0.024996005
go1.26.0,a7ed28495fb02c8b04d75e9bf849bf4b0ad04928,3a165fe7ccb3b525bbd3fd8474c5b0d3118f8d73,eafd9b2119b9a7e144a53a4236e0513518efe7c6,Ackley,30,20000,20260827,MA,2,21,20260847,2.0140852664288365,20000,322,0.042461305
go1.26.0,a7ed28495fb02c8b04d75e9bf849bf4b0ad04928,3a165fe7ccb3b525bbd3fd8474c5b0d3118f8d73,eafd9b2119b9a7e144a53a4236e0513518efe7c6,Ackley,30,20000,20260827,MA,2,22,20260848,1.7784732628204236,20000,322,0.05643821
go1.26.0,a7ed28495fb02c8b04d75e9bf849bf4b0ad04928,3a165fe7ccb3b525bbd3fd8474c5b0d3118f8d73,eafd9b2119b9a7e144a53a4236e0513518efe7c6,Ackley,30,20000,20260827,MA,2,23,20260849,1.778176577877947,20000,322,0.036394137
go1.26.0,a7ed28495fb02c8b04d75e9bf849bf4b0ad04928,3a165fe7ccb3b525bbd3fd8474c5b0d3118f8d73,eafd9b2119b9a7e144a53a4236e0513518efe7c6,Ackley,30,20000,20260827,MA,2,24,20260850,2.3214233690462227,20000,322,0.033993251
go1.26.0,a7ed28495fb02c8b04d75e9bf849bf4b0ad04928,3a165fe7ccb3b525bbd3fd8474c5b0d3118f8d73,eafd9b2119b9a7e144a53a4236e0513518efe7c6,Ackley,30,20000,20260827,MA,2,25,20260851,1.1569792394256244,20000,322,0.030099983
go1.26.0,a7ed28495fb02c8b04d75e9bf849bf4b0ad04928,3a165fe7ccb3b525bbd3fd8474c5b0d3118f8d73,eafd9b2119b9a7e144a53a4236e0513518efe7c6,Ackley,30,20000,20260827,MA,2,26,20260852,2.4083254286349782,20000,322,0.055217443
go1.26.0,a7ed28495fb02c8b04d75e9bf849bf4b0ad04928,3a165fe7ccb3b525bbd3fd8474c5b0d3118f8d73,eafd9b2119b9a7e144a53a4236e0513518efe7c6,Ackley,30,20000,20260827,MA,2,27,20260853,1.1552550881699983,20000,322,0.027237791
go1.26.0,a7ed28495fb02c8b04d75e9bf849bf4b0ad04928,3a165fe7ccb3b525bbd3fd8474c5b0d3118f8d73,eafd9b2119b9a7e144a53a4236e0513518efe7c6,Ackley,30,20000,20260827,MA,2,28,20260854,1.646382158919153,20000,322,0.028052777
go1.26.0,a7ed28495fb02c8b04d75e9bf849bf4b0ad04928,3a165fe7ccb3b525bbd3fd8474c5b0d3118f8d73,eafd9b2119b9a7e144a53a4236e0513518efe7c6,Ackley,30,20000,20260827,MA,2,29,20260855,2.4996119089200666,20000,322,0.033985568
go1.26.0,a7ed28495fb02c8b04d75e9bf849bf4b0ad04928,3a165fe7ccb3b525bbd3fd8474c5b0d3118f8d73,eafd9b2119b9a7e144a53a4236e0513518efe7c6,Ackley,30,20000,20260827,MA,2,30,20260856,1.7781495274324333,20000,322,0.031063661
go1.26.0,a7ed28495fb02c8b04d75e9bf849bf4b0ad04928,3a165fe7ccb3b525bbd3fd8474c5b0d3118f8d73,eafd9b2119b9a7e144a53a4236e0513518efe7c6,Ackley,30,20000,20260827,CMA-ES,1,1,20260827,2.7517974565682835e-09,20000,1429,2.020565792
go1.26.0,a7ed28495fb02c8b04d75e9bf849bf4b0ad04928,3a165fe7ccb3b525bbd3fd8474c5b0d3118f8d73,eafd9b2119b9a7e144a53a4236e0513518efe7c6,Ackley,30,20000,20260827,CMA-ES,1,2,20260828,4.3978021224688746e-10,20000,1429,1.757958278
go1.26.0,a7ed28495fb02c8b04d75e9bf849bf4b0ad04928,3a165fe7ccb3b525bbd3fd8474c5b0d3118f8d73,eafd9b2119b9a7e144a53a4236e0513518efe7c6,Ackley,30,20000,20260827,CMA-ES,1,3,20260829,1.9373347370787997e-10,20000,1429,1.755945713
go1.26.0,a7ed28495fb02c8b04d75e9bf849bf4b0ad04928,3a165fe7ccb3b525bbd3fd8474c5b0d3118f8d73,eafd9b2119b9a7e144a53a4236e0513518efe7c6,Ackley,30,20000,20260827,CMA-ES,1,4,20260830,1.2324751441639137e-08,20000,1429,1.712715797
go1.26.0,a7ed28495fb02c8b04d75e9bf849bf4b0ad04928,3a165fe7ccb3b525bbd3fd8474c5b0d3118f8d73,eafd9b2119b9a7e144a53a4236e0513518efe7c6,Ackley,30,20000,20260827,CMA-ES,1,5,20260831,3.1246298881626444e-09,20000,1429,1.512613451
go1.26.0,a7ed28495fb02c8b04d75e9bf849bf4b0ad04928,3a165fe7ccb3b525bbd3fd8474c5b0d3118f8d73,eafd9b2119b9a7e144a53a4236e0513518efe7c6,Ackley,30,20000,20260827,CMA-ES,1,6,20260832,9.784000276624738e-10,20000,1429,2.306941072
go1.26.0,a7ed28495fb02c8b04d75e9bf849bf4b0ad04928,3a165fe7ccb3b525bbd3fd8474c5b0d3118f8d73,eafd9b2119b9a7e144a53a4236e0513518efe7c6,Ackley,30,20000,20260827,CMA-ES,1,7,20260833,2.1966930496830628e-09,20000,1429,2.273192128
go1.26.0,a7ed28495fb02c8b04d75e9bf849bf4b0ad04928,3a165fe7ccb3b525bbd3fd8474c5b0d3118f8d73,eafd9b2119b9a7e144a53a4236e0513518efe7c6,Ackley,30,20000,20260827,CMA-ES,1,8,20260834,5.972999872483342e-13,20000,1429,2.370752633
go1.26.0,a7ed28495fb02c8b04d75e9bf849bf4b0ad04928,3a165fe7ccb3b525bbd3fd8474c5b0d3118f8d73,eafd9b2119b9a7e144a53a4236e0513518efe7c6,Ackley,30,20000,20260827,CMA-ES,1,9,20260835,3.0276763318681787e-09,20000,1429,1.518620275
go1.26.0,a7ed28495fb02c8b04d75e9bf849bf4b0ad04928,3a165fe7ccb3b525bbd3fd8474c5b0d3118f8d73,eafd9b2119b9a7e144a53a4236e0513518efe7c6,Ackley,30,20000,20260827,CMA-ES,1,10,20260836,2.33818742145786e-10,20000,1429,1.019498678
go1.26.0,a7ed28495fb02c8b04d75e9bf849bf4b0ad04928,3a165fe7ccb3b525bbd3fd8474c5b0d3118f8d73,eafd9b2119b9a7e144a53a4236e0513518efe7c6,Ackley,30,20000,20260827,CMA-ES,1,11,20260837,9.550196189422877e-10,20000,1429,1.148020247
go1.26.0,a7ed28495fb02c8b04d75e9bf849bf4b0ad04928,3a165fe7ccb3b525bbd3fd8474c5b0d3118f8d73,eafd9b2119b9a7e144a53a4236e0513518efe7c6,Ackley,30,20000,20260827,CMA-ES,1,12,20260838,1.9859531796839747e-09,20000,1429,1.3922892980000001
go1.26.0,a7ed28495fb02c8b04d75e9bf849bf4b0ad04928,3a165fe7ccb3b525bbd3fd8474c5b0d3118f8d73,eafd9b2119b9a7e144a53a4236e0513518efe7c6,Ackley,30,20000,20260827,CMA-ES,1,13,20260839,1.8664256806744106e-09,20000,1429,1.132667246
go1.26.0,a7ed28495fb02c8b04d75e9bf849bf4b0ad04928,3a165fe7ccb3b525bbd3fd8474c5b0d3118f8d73,eafd9b2119b9a7e144a53a4236e0513518efe7c6,Ackley,30,20000,20260827,CMA-ES,1,14,20260840,1.3568812740061276e-09,20000,1429,1.07904178
go1.26.0,a7ed28495fb02c8b04d75e9bf849bf4b0ad04928,3a165fe7ccb3b525bbd3fd8474c5b0d3118f8d73,eafd9b2119b9a7e144a53a4236e0513518efe7c6,Ackley,30,20000,20260827,CMA-ES,1,15,20260841,3.9873571111570527e-10,20000,1429,1.136361535
go1.26.0,a7ed28495fb02c8b04d75e9bf849bf4b0ad04928,3a165fe7ccb3b525bbd3fd8474c5b0d3118f8d73,eafd9b2119b9a7e144a53a4236e0513518efe7c6,Ackley,30,20000,20260827,CMA-ES,1,16,20260842,0.9318062326361027,20000,1429,1.070895069
go1.26.0,a7ed28495fb02c8b04d75e9bf849bf4b0ad04928,3a165fe7ccb3b525bbd3fd8474c5b0d3118f8d73,eafd9b2119b9a7e144a53a4236e0513518efe7c6,Ackley,30,20000,20260827,CMA-ES,1,17,20260843,5.797432311993589e-09,20000,1429,0.889479977
go1.26.0,a7ed28495fb02c8b04d75e9bf849bf4b0ad04928,3a165fe7ccb3b525bbd3fd8474c5b0d3118f8d73,eafd9b2119b9a7e144a53a4236e0513518efe7c6,Ackley,30,20000,20260827,CMA-ES,1,18,20260844,2.1441071140770873e-11,20000,1429,1.117135101
go1.26.0,a7ed28495fb02c8b04d75e9bf849bf4b0ad04928,3a165fe7ccb3b525bbd3fd8474c5b0d3118f8d73,eafd9b2119b9a7e144a53a4236e0513518efe7c6,Ackley,30,20000,20260827,CMA-ES,1,19,20260845,4.4046943870057476e-10,20000,1429,1.05364118
go1.26.0,a7ed28495fb02c8b04d75e9bf849bf4b0ad04928,3a165fe7ccb3b525bbd3fd8474c5b0d3118f8d73,eafd9b2119b9a7e144a53a4236e0513518efe7c6,Ackley,30,20000,20260827,CMA-ES,1,20,20260846,2.876156646181016e-09,20000,1429,1.10282058
go1.26.0,a7ed28495fb02c8b04d75e9bf849bf4b0ad04928,3a165fe7ccb3b525bbd3fd8474c5b0d3118f8d73,eafd9b2119b9a7e144a53a4236e0513518efe7c6,Ackley,30,20000,20260827,CMA-ES,1,21,20260847,1.0965597319056997e-09,20000,1429,1.153781647
go1.26.0,a7ed28495fb02c8b04d75e9bf849bf4b0ad04928,3a165fe7ccb3b525bbd3fd8474c5b0d3118f8d73,eafd9b2119b9a7e144a53a4236e0513518efe7c6,Ackley,30,20000,20260827,CMA-ES,1,22,20260848,8.283196351044353e-11,20000,1429,1.22355673
go1.26.0,a7ed28495fb02c8b04d75e9bf849bf4b0ad04928,3a165fe7ccb3b525bbd3fd8474c5b0d3118f8d73,eafd9b2119b9a7e144a53a4236e0513518efe7c6,Ackley,30,20000,20260827,CMA-ES,1,23,20260849,1.236988289576857e-10,20000,1429,1.110917144
go1.26.0,a7ed28495fb02c8b04d75e9bf849bf4b0ad04928,3a165fe7ccb3b525bbd3fd8474c5b0d3118f8d73,eafd9b2119b9a7e144a53a4236e0513518efe7c6,Ackley,30,20000,20260827,CMA-ES,1,24,20260850,2.9669391388154054e-09,20000,1429,1.156097535
go1.26.0,a7ed28495fb02c8b04d75e9bf849bf4b0ad04928,3a165fe7ccb3b525bbd3fd8474c5b0d3118f8d73,eafd9b2119b9a7e144a53a4236e0513518efe7c6,Ackley,30,20000,20260827,CMA-ES,1,25,20260851,2.3098896129170043e-09,20000,1429,1.173301207
go1.26.0,a7ed28495fb02c8b04d75e9bf849bf4b0ad04928,3a165fe7ccb3b525bbd3fd8474c5b0d3118f8d73,eafd9b2119b9a7e144a53a4236e0513518efe7c6,Ackley,30,20000,20260827,CMA-ES,1,26,20260852,3.077215371405373e-09,20000,1429,1.077082784
go1.26.0,a7ed28495fb02c8b04d75e9bf849bf4b0ad04928,3a165fe7ccb3b525bbd3fd8474c5b0d3118f8d73,eafd9b2119b9a7e144a53a4236e0513518efe7c6,Ackley,30,20000,20260827,CMA-ES,1,27,20260853,2.0524471011640344e-11,20000,1429,1.087911076
go1.26.0,a7ed28495fb02c8b04d75e9bf849bf4b0ad04928,3a165fe7ccb3b525bbd3fd8474c5b0d3118f8d73,eafd9b2119b9a7e144a53a4236e0513518efe7c6,Ackley,30,20000,20260827,CMA-ES,1,28,20260854,1.0988259635524855e-08,20000,1429,1.010018125
go1.26.0,a7ed28495fb02c8b04d75e9bf849bf4b0ad04928,3a165fe7ccb3b525bbd3fd8474c5b0d3118f8d73,eafd9b2119b9a7e144a53a4236e0513518efe7c6,Ackley,30,20000,20260827,CMA-ES,1,29,20260855,8.742562229713258e-11,20000,1429,1.140563714
go1.26.0,a7ed28495fb02c8b04d75e9bf849bf4b0ad04928,3a165fe7ccb3b525bbd3fd8474c5b0d3118f8d73,eafd9b2119b9a7e144a53a4236e0513518efe7c6,Ackley,30,20000,20260827,CMA-ES,1,30,20260856,3.5260474540166342e-09,20000,1429,1.079671754
go1.26.0,a7ed28495fb02c8b04d75e9bf849bf4b0ad04928,3a165fe7ccb3b525bbd3fd8474c5b0d3118f8d73,eafd9b2119b9a7e144a53a4236e0513518efe7c6,Griewank,30,20000,20260827,DA,3,1,20260827,8.289875868508743,20000,499,0.158241682
go1.26.0,a7ed28495fb02c8b04d75e9bf849bf4b0ad04928,3a165fe7ccb3b525bbd3fd8474c5b0d3118f8d73,eafd9b2119b9a7e144a53a4236e0513518efe7c6,Griewank,30,20000,20260827,DA,3,2,20260828,18.53412694442233,20000,499,0.183570275
go1.26.0,a7ed28495fb02c8b04d75e9bf849bf4b0ad04928,3a165fe7ccb3b525bbd3fd8474c5b0d3118f8d73,eafd9b2119b9a7e144a53a4236e0513518efe7c6,Griewank,30,20000,20260827,DA,3,3,20260829,18.136327347403167,20000,499,0.231525764
go1.26.0,a7ed28495fb02c8b04d75e9bf849bf4b0ad04928,3a165fe7ccb3b525bbd3fd8474c5b0d3118f8d73,eafd9b2119b9a7e144a53a4236e0513518efe7c6,Griewank,30,20000,20260827,DA,3,4,20260830,14.937120193878602,20000,499,0.213111452
go1.26.0,a7ed28495fb02c8b04d75e9bf849bf4b0ad04928,3a165fe7ccb3b525bbd3fd8474c5b0d3118f8d73,eafd9b2119b9a7e144a53a4236e0513518efe7c6,Griewank,30,20000,20260827,DA,3,5,20260831,13.608144046374179,20000,499,0.1730173
go1.26.0,a7ed28495fb02c8b04d75e9bf849bf4b0ad04928,3a165fe7ccb3b525bbd3fd8474c5b0d3118f8d73,eafd9b2119b9a7e144a53a4236e0513518efe7c6,Griewank,30,20000,20260827,DA,3,6,20260832,20.404499791914056,20000,499,0.164650237
go1.26.0,a7ed28495fb02c8b04d75e9bf849bf4b0ad04928,3a165fe7ccb3b525bbd3fd8474c5b0d3118f8d73,eafd9b2119b9a7e144a53a4236e0513518efe7c6,Griewank,30,20000,20260827,DA,3,7,20260833,15.922688091550988,20000,499,0.23844221
go1.26.0,a7ed28495fb02c8b04d75e9bf849bf4b0ad04928,3a165fe7ccb3b525bbd3fd8474c5b0d3118f8d73,eafd9b2119b9a7e144a53a4236e0513518efe7c6,Griewank,30,20000,20260827,DA,3,8,20260834,22.730133362862723,20000,499,0.171627515
go1.26.0,a7ed28495fb02c8b04d75e9bf849bf4b0ad04928,3a165fe7ccb3b525bbd3fd8474c5b0d3118f8d73,eafd9b2119b9a7e144a53a4236e0513518efe7c6,Griewank,30,20000,20260827,DA,3,9,20260835,14.891510192238131,20000,499,0.223046815
go1.26.0,a7ed28495fb02c8b04d75e9bf849bf4b0ad04928,3a165fe7ccb3b525bbd3fd8474c5b0d3118f8d73,eafd9b2119b9a7e144a53a4236e0513518efe7c6,Griewank,30,20000,20260827,DA,3,10,20260836,20.419162287195604,20000,499,0.182217646
go1.26.0,a7ed28495fb02c8b04d75e9bf849bf4b0ad04928,3a165fe7ccb3b525bbd3fd8474c5b0d3118f8d73,eafd9b2119b9a7e144a53a4236e0513518efe7c6,Griewank,30,20000,20260827,DA,3,11,20260837,13.099654637498036,20000,499,0.224834838
go1.26.0,a7ed28495fb02c8b04d75e9bf849bf4b0ad04928,3a165fe7ccb3b525bbd3fd8474c5b0d3118f8d73,eafd9b2119b9a7e144a53a4236e0513518efe7c6,Griewank,30,20000,20260827,DA,3,12,20260838,8.935502440793393,20000,499,0.191842212
go1.26.0,a7ed28495fb02c8b04d75e9bf849bf4b0ad04928,3a165fe7ccb3b525bbd3fd8474c5b0d3118f8d73,eafd9b2119b9a7e144a53a4236e0513518efe7c6,Griewank,30,20000,20260827,DA,3,13,20260839,16.85672123590408,20000,499,0.223321364
go1.26.0,a7ed28495fb02c8b04d75e9bf849bf4b0ad04928,3a165fe7ccb3b525bbd3fd8474c5b0d3118f8d73,eafd9b2119b9a7e144a53a4236e0513518efe7c6,Griewank,30,20000,20260827,DA,3,14,20260840,14.688537787164671,20000,499,0.202219255
go1.26.0,a7ed28495fb02c8b04d75e9bf849bf4b0ad04928,3a165fe7ccb3b525bbd3fd8474c5b0d3118f8d73,eafd9b2119b9a7e144a53a4236e0513518efe7c6,Griewank,30,20000,20260827,DA,3,15,20260841,44.23305617510895,20000,499,0.172373776
go1.26.0,a7ed28495fb02c8b04d75e9bf849bf4b0ad04928,3a165fe7ccb3b525bbd3fd8474c5b0d3118f8d73,eafd9b2119b9a7e144a53a4236e0513518efe7c6,Griewank,30,20000,20260827,DA,3,16,20260842,20.223068297921746,20000,499,0.189137863
go1.26.0,a7ed28495fb02c8b04d75e9bf849bf4b0ad04928,3a165fe7ccb3b525bbd3fd8474c5b0d3118f8d73,eafd9b2119b9a7e144a53a4236e0513518efe7c6,Griewank,30,20000,20260827,DA,3,17,20260843,19.110757658163017,20000,499,0.196461068
go1.26.0,a7ed28495fb02c8b04d75e9bf849bf4b0ad04928,3a165fe7ccb3b525bbd3fd8474c5b0d3118f8d73,eafd9b2119b9a7e144a53a4236e0513518efe7c6,Griewank,30,20000,20260827,DA,3,18,20260844,19.53551184400348,20000,499,0.182020482
go1.26.0,a7ed28495fb02c8b04d75e9bf849bf4b0ad04928,3a165fe7ccb3b525bbd3fd8474c5b0d3118f8d73,eafd9b2119b9a7e144a53a4236e0513518efe7c6,Griewank,30,20000,20260827,DA,3,19,20260845,22.424352110425893,20000,499,0.181891135
go1.26.0,a7ed28495fb02c8b04d75e9bf849bf4b0ad04928,3a165fe7ccb3b525bbd3fd8474c5b0d3118f8d73,eafd9b2119b9a7e144a53a4236e0513518efe7c6,Griewank,30,20000,20260827,DA,3,20,20260846,22.440944625211102,20000,499,0.17674162
go1.26.0,a7ed28495fb02c8b04d75e9bf849bf4b0ad04928,3a165fe7ccb3b525bbd3fd8474c5b0d3118f8d73,eafd9b2119b9a7e144a53a4236e0513518efe7c6,Griewank,30,20000,20260827,DA,3,21,20260847,23.684229875741664,20000,499,0.193139526
go1.26.0,a7ed28495fb02c8b04d75e9bf849bf4b0ad04928,3a165fe7ccb3b525bbd3fd8474c5b0d3118f8d73,eafd9b2119b9a7e144a53a4236e0513518efe7c6,Griewank,30,20000,20260827,DA,3,22,20260848,16.609754155967828,20000,499,0.210184936
go1.26.0,a7ed28495fb02c8b04d75e9bf849bf4b0ad04928,3a165fe7ccb3b525bbd3fd8474c5b0d3118f8d73,eafd9b2119b9a7e144a53a4236e0513518efe7c6,Griewank,30,20000,20260827,DA,3,23,20260849,17.14272291672959,20000,499,0.201114495
go1.26.0,a7ed28495fb02c8b04d75e9bf849bf4b0ad04928,3a165fe7ccb3b525bbd3fd8474c5b0d3118f8d73,eafd9b2119b9a7e144a53a4236e0513518efe7c6,Griewank,30,20000,20260827,DA,3,24,20260850,18.06268452444603,20000,499,0.210675925
go1.26.0,a7ed28495fb02c8b04d75e9bf849bf4b0ad04928,3a165fe7ccb3b525bbd3fd8474c5b0d3118f8d73,eafd9b2119b9a7e144a53a4236e0513518efe7c6,Griewank,30,20000,20260827,DA,3,25,20260851,16.951250763289828,20000,499,0.221128397
go1.26.0,a7ed28495fb02c8b04d75e9bf849bf4b0ad04928,3a165fe7ccb3b525bbd3fd8474c5b0d3118f8d73,eafd9b2119b9a7e144a53a4236e0513518efe7c6,Griewank,30,20000,20260827,DA,3,26,20260852,23.755205846259447,20000,499,0.172242403
go1.26.0,a7ed28495fb02c8b04d75e9bf849bf4b0ad04928,3a165fe7ccb3b525bbd3fd8474c5b0d3118f8d73,eafd9b2119b9a7e144a53a4236e0513518efe7c6,Griewank,30,20000,20260827,DA,3,27,20260853,21.918881953068368,20000,499,0.207321836
go1.26.0,a7ed28495fb02c8b04d75e9bf849bf4b0ad04928,3a165fe7ccb3b525bbd3fd8474c5b0d3118f8d73,eafd9b2119b9a7e144a53a4236e0513518efe7c6,Griewank,30,20000,20260827,DA,3,28,20260854,17.253644853257885,20000,499,0.19789611
go1.26.0,a7ed28495fb02c8b04d75e9bf849bf4b0ad04928,3a165fe7ccb3b525bbd3fd8474c5b0d3118f8d73,eafd9b2119b9a7e144a53a4236e0513518efe7c6,Griewank,30,20000,20260827,DA,3,29,20260855,16.629933461464006,20000,499,0.163252996
go1.26.0,a7ed28495fb02c8b04d75e9bf849bf4b0ad04928,3a165fe7ccb3b525bbd3fd8474c5b0d3118f8d73,eafd9b2119b9a7e144a53a4236e0513518efe7c6,Griewank,30,20000,20260827,DA,3,30,20260856,12.835599845817253,20000,499,0.238124802
go1.26.0,a7ed28495fb02c8b04d75e9bf849bf4b0ad04928,3a165fe7ccb3b525bbd3fd8474c5b0d3118f8d73,eafd9b2119b9a7e144a53a4236e0513518efe7c6,Griewank,30,20000,20260827,MA,2,1,20260827,1.3618397877998665,20000,322,0.025702596
go1.26.0,a7ed28495fb02c8b04d75e9bf849bf4b0ad04928,3a165fe7ccb3b525bbd3fd8474c5b0d3118f8d73,eafd9b2119b9a7e144a53a4236e0513518efe7c6,Griewank,30,20000,20260827,MA,2,2,20260828,1.2332167879941978,20000,322,0.06115233
go1.26.0,a7ed28495fb02c8b04d75e9bf849bf4b0ad04928,3a165fe7ccb3b525bbd3fd8474c5b0d3118f8d73,eafd9b2119b9a7e144a53a4236e0513518efe7c6,Griewank,30,20000,20260827,MA,2,3,20260829,1.2267354342374737,20000,322,0.035758645
go1.26.0,a7ed28495fb02c8b04d75e9bf849bf4b0ad04928,3a165fe7ccb3b525bbd3fd8474c5b0d3118f8d73,eafd9b2119b9a7e144a53a4236e0513518efe7c6,Griewank,30,20000,20260827,MA,2,4,20260830,1.1176593862236313,20000,322,0.024119
go1.26.0,a7ed28495fb02c8b04d75e9bf849bf4b0ad04928,3a165fe7ccb3b525bbd3fd8474c5b0d3118f8d73,eafd9b2119b9a7e144a53a4236e0513518efe7c6,Griewank,30,20000,20260827,MA,2,5,20260831,1.1839464026273632,20000,322,0.025461292
go1.26.0,a7ed28495fb02c8b04d75e9bf849bf4b0ad04928,3a165fe7ccb3b525bbd3fd8474c5b0d3118f8d73,eafd9b2119b9a7e144a53a4236e0513518efe7c6,Griewank,30,20000,20260827,MA,2,6,20260832,1.4432197063143148,20000,322,0.03732045
go1.26.0,a7ed28495fb02c8b04d75e9bf849bf4b0ad04928,3a165fe7ccb3b525bbd3fd8474c5b0d3118f8d73,eafd9b2119b9a7e144a53a4236e0513518efe7c6,Griewank,30,20000,20260827,MA,2,7,20260833,0.37309465728390834,20000,322,0.061540302
go1.26.0,a7ed28495fb02c8b04d75e9bf849bf4b0ad04928,3a165fe7ccb3b525bbd3fd8474c5b0d3118f8d73,eafd9b2119b9a7e144a53a4236e0513518efe7c6,Griewank,30,20000,20260827,MA,2,8,20260834,1.579104523266953,20000,322,0.033405392
go1.26.0,a7ed28495fb02c8b04d75e9bf849bf4b0ad04928,3a165fe7ccb3b525bbd3fd8474c5b0d3118f8d73,eafd9b2119b9a7e144a53a4236e0513518efe7c6,Griewank,30,20000,20260827,MA,2,9,20260835,1.092313061765622,20000,322,0.038682159
go1.26.0,a7ed28495fb02c8b04d75e9bf849bf4b0ad04928,3a165fe7ccb3b525bbd3fd8474c5b0d3118f8d73,eafd9b2119b9a7e144a53a4236e0513518efe7c6,Griewank,30,20000,20260827,MA,2,10,20260836,1.1742202921749212,20000,322,0.056297478
go1.26.0,a7ed28495fb02c8b04d75e9bf849bf4b0ad04928,3a165fe7ccb3b525bbd3fd8474c5b0d3118f8d73,eafd9b2119b9a7e144a53a4236e0513518efe7c6,Griewank,30,20000,20260827,MA,2,11,20260837,1.1677580666006426,20000,322,0.025064659
go1.26.0,a7ed28495fb02c8b04d75e9bf849bf4b0ad04928,3a165fe7ccb3b525bbd3fd8474c5b0d3118f8d73,eafd9b2119b9a7e144a53a4236e0513518efe7c6,Griewank,30,20000,20260827,MA,2,12,20260838,1.1783743130867745,20000,322,0.049039646
go1.26.0,a7ed28495fb02c8b04d75e9bf849bf4b0ad04928,3a165fe7ccb3b525bbd3fd8474c5b0d3118f8d73,eafd9b2119b9a7e144a53a4236e0513518efe7c6,Griewank,30,20000,20260827,MA,2,13,20260839,1.0432417350772942,20000,322,0.029688963
go1.26.0,a7ed28495fb02c8b04d75e9bf849bf4b0ad04928,3a165fe7ccb3b525bbd3fd8474c5b0d3118f8d73,eafd9b2119b9a7e144a53a4236e0513518efe7c6,Griewank,30,20000,20260827,MA,2,14,20260840,1.3996901556447838,20000,322,0.029762856
go1.26.0,a7ed28495fb02c8b04d75e9bf849bf4b0ad04928,3a165fe7ccb3b525bbd3fd8474c5b0d3118f8d73,eafd9b2119b9a7e144a53a4236e0513518efe7c6,Griewank,30,20000,20260827,MA,2,15,20260841,1.1329450684068565,20000,322,0.032225342
go1.26.0,a7ed28495fb02c8b04d75e9bf849bf4b0ad04928,3a165fe7ccb3b525bbd3fd8474c5b0d3118f8d73,eafd9b2119b9a7e144a53a4236e0513518efe7c6,Griewank,30,20000,20260827,MA,2,16,20260842,0.8401780739243241,20000,322,0.055166319
go1.26.0,a7ed28495fb02c8b04d75e9bf849bf4b0ad04928,3a165fe7ccb3b525bbd3fd8474c5b0d3118f8d73,eafd9b2119b9a7e144a53a4236e0513518efe7c6,Griewank,30,20000,20260827,MA,2,17,20260843,1.0411621748106066,20000,322,0.058294189
go1.26.0,a7ed28495fb02c8b04d75e9bf849bf4b0ad04928,3a165fe7ccb3b525bbd3fd8474c5b0d3118f8d73,eafd9b2119b9a7e144a53a4236e0513518efe7c6,Griewank,30,20000,20260827,MA,2,18,20260844,0.8171730928934059,20000,322,0.062689341
go1.26.0,a7ed28495fb02c8b04d75e9bf849bf4b0ad04928,3a165fe7ccb3b525bbd3fd8474c5b0d3118f8d73,eafd9b2119b9a7e144a53a4236e0513518efe7c6,Griewank,30,20000,20260827,MA,2,19,20260845,1.1232410064374734,20000,322,0.046104888
go1.26.0,a7ed28495fb02c8b04d75e9bf849bf4b0ad04928,3a165fe7ccb3b525bbd3fd8474c5b0d3118f8d73,eafd9b2119b9a7e144a53a4236e0513518efe7c6,Griewank,30,20000,20260827,MA,2,20,20260846,1.1053474863144432,20000,322,0.02753867
go1.26.0,a7ed28495fb02c8b04d75e9bf849bf4b0ad04928,3a165fe7ccb3b525bbd3fd8474c5b0d3118f8d73,eafd9b2119b9a7e144a53a4236e0513518efe7c6,Griewank,30,20000,20260827,MA,2,21,20260847,1.1223532908594545,20000,322,0.055202496
go1.26.0,a7ed28495fb02c8b04d75e9bf849bf4b0ad04928,3a165fe7ccb3b525bbd3fd8474c5b0d3118f8d73,eafd9b2119b9a7e144a53a4236e0513518efe7c6,Griewank,30,20000,20260827,MA,2,22,20260848,1.0077723555581986,20000,322,0.041918354
go1.26.0,a7ed28495fb02c8b04d75e9bf849bf4b0ad04928,3a165fe7ccb3b525bbd3fd8474c5b0d3118f8d73,eafd9b2119b9a7e144a53a4236e0513518efe7c6,Griewank,30,20000,20260827,MA,2,23,20260849,1.3761258044038733,20000,322,0.048432231
go1.26.0,a7ed28495fb02c8b04d75e9bf849bf4b0ad04928,3a165fe7ccb3b525bbd3fd8474c5b0d3118f8d73,eafd9b2119b9a7e144a53a4236e0513518efe7c6,Griewank,30,20000,20260827,MA,2,24,20260850,1.2172205805859047,20000,322,0.04296675
go1.26.0,a7ed28495fb02c8b04d75e9bf849bf4b0ad04928,3a165fe7ccb3b525bbd3fd8474c5b0d3118f8d73,eafd9b2119b9a7e144a53a4236e0513518efe7c6,Griewank,30,20000,20260827,MA,2,25,20260851,1.0930303400680352,20000,322,0.053656476
go1.26.0,a7ed28495fb02c8b04d75e9bf849bf4b0ad04928,3a165fe7ccb3b525bbd3fd8474c5b0d3118f8d73,eafd9b2119b9a7e144a53a4236e0513518efe7c6,Griewank,30,20000,20260827,MA,2,26,20260852,1.36833346927236,20000,322,0.037253332
go1.26.0,a7ed28495fb02c8b04d75e9bf849bf4b0ad04928,3a165fe7ccb3b525bbd3fd8474c5b0d3118f8d73,eafd9b2119b9a7e144a53a4236e0513518efe7c6,Griewank,30,20000,20260827,MA,2,27,20260853,1.24058545535568,20000,322,0.038387775
go1.26.0,a7ed28495fb02c8b04d75e9bf849bf4b0ad04928,3a165fe7ccb3b525bbd3fd8474c5b0d3118f8d73,eafd9b2119b9a7e144a53a4236e0513518efe7c6,Griewank,30,20000,20260827,MA,2,28,20260854,1.1291096191507386,20000,322,0.053143348
go1.26.0,a7ed28495fb02c8b04d75e9bf849bf4b0ad04928,3a165fe7ccb3b525bbd3fd8474c5b0d3118f8d73,eafd9b2119b9a7e144a53a4236e0513518efe7c6,Griewank,30,20000,20260827,MA,2,29,20260855,1.061866363710227,20000,322,0.047701339
go1.26.0,a7ed28495fb02c8b04d75e9bf849bf4b0ad04928,3a165fe7ccb3b525bbd3fd8474c5b0d3118f8d73,eafd9b2119b9a7e144a53a4236e0513518efe7c6,Griewank,30,20000,20260827,MA,2,30,20260856,1.2230970401686443,20000,322,0.066038967
go1.26.0,a7ed28495fb02c8b04d75e9bf849bf4b0ad04928,3a165fe7ccb3b525bbd3fd8474c5b0d3118f8d73,eafd9b2119b9a7e144a53a4236e0513518efe7c6,Griewank,30,20000,20260827,CMA-ES,1,1,20260827,0,20000,1429,1.150123606
go1.26.0,a7ed28495fb02c8b04d75e9bf849bf4b0ad04928,3a165fe7ccb3b525bbd3fd8474c5b0d3118f8d73,eafd9b2119b9a7e144a53a4236e0513518efe7c6,Griewank,30,20000,20260827,CMA-ES,1,2,20260828,0,20000,1429,1.210713011
go1.26.0,a7ed28495fb02c8b04d75e9bf849bf4b0ad04928,3a165fe7ccb3b525bbd3fd8474c5b0d3118f8d73,eafd9b2119b9a7e144a53a4236e0513518efe7c6,Griewank,30,20000,20260827,CMA-ES,1,3,20260829,0,20000,1429,1.105558663
go1.26.0,a7ed28495fb02c8b04d75e9bf849bf4b0ad04928,3a165fe7ccb3b525bbd3fd8474c5b0d3118f8d73,eafd9b2119b9a7e144a53a4236e0513518efe7c6,Griewank,30,20000,20260827,CMA-ES,1,4,20260830,0,20000,1429,1.006914071
go1.26.0,a7ed28495fb02c8b04d75e9bf849bf4b0ad04928,3a165fe7ccb3b525bbd3fd8474c5b0d3118f8d73,eafd9b2119b9a7e144a53a4236e0513518efe7c6,Griewank,30,20000,20260827,CMA-ES,1,5,20260831,0,20000,1429,1.06053849
go1.26.0,a7ed28495fb02c8b04d75e9bf849bf4b0ad04928,3a165fe7ccb3b525bbd3fd8474c5b0d3118f8d73,eafd9b2119b9a7e144a53a4236e0513518efe7c6,Griewank,30,20000,20260827,CMA-ES,1,6,20260832,0,20000,1429,1.00907065
go1.26.0,a7ed28495fb02c8b04d75e9bf849bf4b0ad04928,3a165fe7ccb3b525bbd3fd8474c5b0d3118f8d73,eafd9b2119b9a7e144a53a4236e0513518efe7c6,Griewank,30,20000,20260827,CMA-ES,1,7,20260833,0,20000,1429,1.002287044
go1.26.0,a7ed28495fb02c8b04d75e9bf849bf4b0ad04928,3a165fe7ccb3b525bbd3fd8474c5b0d3118f8d73,eafd9b2119b9a7e144a53a4236e0513518efe7c6,Griewank,30,20000,20260827,CMA-ES,1,8,20260834,0,20000,1429,1.048199098
go1.26.0,a7ed28495fb02c8b04d75e9bf849bf4b0ad04928,3a165fe7ccb3b525bbd3fd8474c5b0d3118f8d73,eafd9b2119b9a7e144a53a4236e0513518efe7c6,Griewank,30,20000,20260827,CMA-ES,1,9,20260835,0,20000,1429,1.008952058
go1.26.0,a7ed28495fb02c8b04d75e9bf849bf4b0ad04928,3a165fe7ccb3b525bbd3fd8474c5b0d3118f8d73,eafd9b2119b9a7e144a53a4236e0513518efe7c6,Griewank,30,20000,20260827,CMA-ES,1,10,20260836,0,20000,1429,1.052474472
go1.26.0,a7ed28495fb02c8b04d75e9bf849bf4b0ad04928,3a165fe7ccb3b525bbd3fd8474c5b0d3118f8d73,eafd9b2119b9a7e144a53a4236e0513518efe7c6,Griewank,30,20000,20260827,CMA-ES,1,11,20260837,0,20000,1429,1.006701821
go1.26.0,a7ed28495fb02c8b04d75e9bf849bf4b0ad04928,3a165fe7ccb3b525bbd3fd8474c5b0d3118f8d73,eafd9b2119b9a7e144a53a4236e0513518efe7c6,Griewank,30,20000,20260827,CMA-ES,1,12,20260838,0,20000,1429,1.167713434
go1.26.0,a7ed28495fb02c8b04d75e9bf849bf4b0ad04928,3a165fe7ccb3b525bbd3fd8474c5b0d3118f8d73,eafd9b2119b9a7e144a53a4236e0513518efe7c6,Griewank,30,20000,20260827,CMA-ES,1,13,20260839,0,20000,1429,1.178793786
go1.26.0,a7ed28495fb02c8b04d75e9bf849bf4b0ad04928,3a165fe7ccb3b525bbd3fd8474c5b0d3118f8d73,eafd9b2119b9a7e144a53a4236e0513518efe7c6,Griewank,30,20000,20260827,CMA-ES,1,14,20260840,0,20000,1429,0.890812561
go1.26.0,a7ed28495fb02c8b04d75e9bf849bf4b0ad04928,3a165fe7ccb3b525bbd3fd8474c5b0d3118f8d73,eafd9b2119b9a7e144a53a4236e0513518efe7c6,Griewank,30,20000,20260827,CMA-ES,1,15,20260841,0,20000,1429,1.017201018
go1.26.0,a7ed28495fb02c8b04d75e9bf849bf4b0ad04928,3a165fe7ccb3b525bbd3fd8474c5b0d3118f8d73,eafd9b2119b9a7e144a53a4236e0513518efe7c6,Griewank,30,20000,20260827,CMA-ES,1,16,20260842,0.007396040334115006,20000,1429,0.996696058
go1.26.0,a7ed28495fb02c8b04d75e9bf849bf4b0ad04928,3a165fe7ccb3b525bbd3fd8474c5b0d3118f8d73,eafd9b2119b9a7e144a53a4236e0513518efe7c6,Griewank,30,20000,20260827,CMA-ES,1,17,20260843,0,20000,1429,0.980574028
go1.26.0,a7ed28495fb02c8b04d75e9bf849bf4b0ad04928,3a165fe7ccb3b525bbd3fd8474c5b0d3118f8d73,eafd9b2119b9a7e144a53a4236e0513518efe7c6,Griewank,30,20000,20260827,CMA-ES,1,18,20260844,0.00985728460782076,20000,1429,1.040194166
go1.26.0,a7ed28495fb02c8b04d75e9bf849bf4b0ad04928,3a165fe7ccb3b525bbd3fd8474c5b0d3118f8d73,eafd9b2119b9a7e144a53a4236e0513518efe7c6,Griewank,30,20000,20260827,CMA-ES,1,19,20260845,0,20000,1429,0.954161
go1.26.0,a7ed28495fb02c8b04d75e9bf849bf4b0ad04928,3a165fe7ccb3b525bbd3fd8474c5b0d3118f8d73,eafd9b2119b9a7e144a53a4236e0513518efe7c6,Griewank,30,20000,20260827,CMA-ES,1,20,20260846,0,20000,1429,1.038585497
go1.26.0,a7ed28495fb02c8b04d75e9bf849bf4b0ad04928,3a165fe7ccb3b525bbd3fd8474c5b0d3118f8d73,eafd9b2119b9a7e144a53a4236e0513518efe7c6,Griewank,30,20000,20260827,CMA-ES,1,21,20260847,0,20000,1429,1.179854544
go1.26.0,a7ed28495fb02c8b04d75e9bf849bf4b0ad04928,3a165fe7ccb3b525bbd3fd8474c5b0d3118f8d73,eafd9b2119b9a7e144a53a4236e0513518efe7c6,Griewank,30,20000,20260827,CMA-ES,1,22,20260848,0,20000,1429,1.053754534
go1.26.0,a7ed28495fb02c8b04d75e9bf849bf4b0ad04928,3a165fe7ccb3b525bbd3fd8474c5b0d3118f8d73,eafd9b2119b9a7e144a53a4236e0513518efe7c6,Griewank,30,20000,20260827,CMA-ES,1,23,20260849,0,20000,1429,1.064552305
go1.26.0,a7ed28495fb02c8b04d75e9bf849bf4b0ad04928,3a165fe7ccb3b525bbd3fd8474c5b0d3118f8d73,eafd9b2119b9a7e144a53a4236e0513518efe7c6,Griewank,30,20000,20260827,CMA-ES,1,24,20260850,0,20000,1429,1.058289371
go1.26.0,a7ed28495fb02c8b04d75e9bf849bf4b0ad04928,3a165fe7ccb3b525bbd3fd8474c5b0d3118f8d73,eafd9b2119b9a7e144a53a4236e0513518efe7c6,Griewank,30,20000,20260827,CMA-ES,1,25,20260851,0,20000,1429,1.105366109
go1.26.0,a7ed28495fb02c8b04d75e9bf849bf4b0ad04928,3a165fe7ccb3b525bbd3fd8474c5b0d3118f8d73,eafd9b2119b9a7e144a53a4236e0513518efe7c6,Griewank,30,20000,20260827,CMA-ES,1,26,20260852,0,20000,1429,1.053175894
go1.26.0,a7ed28495fb02c8b04d75e9bf849bf4b0ad04928,3a165fe7ccb3b525bbd3fd8474c5b0d3118f8d73,eafd9b2119b9a7e144a53a4236e0513518efe7c6,Griewank,30,20000,20260827,CMA-ES,1,27,20260853,0,20000,1429,1.01397935
go1.26.0,a7ed28495fb02c8b04d75e9bf849bf4b0ad04928,3a165fe7ccb3b525bbd3fd8474c5b0d3118f8d73,eafd9b2119b9a7e144a53a4236e0513518efe7c6,Griewank,30,20000,20260827,CMA-ES,1,28,20260854,0,20000,1429,0.900746911
go1.26.0,a7ed28495fb02c8b04d75e9bf849bf4b0ad04928,3a165fe7ccb3b525bbd3fd8474c5b0d3118f8d73,eafd9b2119b9a7e144a53a4236e0513518efe7c6,Griewank,30,20000,20260827,CMA-ES,1,29,20260855,0,20000,1429,1.005191661
go1.26.0,a7ed28495fb02c8b04d75e9bf849bf4b0ad04928,3a165fe7ccb3b525bbd3fd8474c5b0d3118f8d73,eafd9b2119b9a7e144a53a4236e0513518efe7c6,Griewank,30,20000,20260827,CMA-ES,1,30,20260856,0,20000,1429,1.060062624
